time,max_dev
1544679228,0.0321424293136
1544679229,0.0469536048247
1544679230,0.0461131721161
1544679231,0.053205444295
1544679232,0.0423138693986
1544679233,0.0422499035133
1544679234,0.0431510558321
1544679235,0.0426319627045
1544679236,0.0449776809658
1544679237,0.0622430841754
1544679238,0.0715949496382
1544679239,0.071152647085
1544679240,0.0662617444326
1544679241,0.0676210984091
1544679242,0.0770730920652
1544679243,0.0855541291199
1544679244,0.106059935348
1544679245,0.14797326004
1544679246,0.175437022575
1544679247,0.188761971866
1544679248,0.193362114101
1544679249,0.144222917306
1544679250,0.136045995229
1544679251,0.151615227073
1544679252,0.160672595288
1544679253,0.16465364596
1544679254,0.180616246847
1544679255,0.207885449987
1544679256,0.222007258058
1544679257,0.233281745303
1544679258,0.248185232934
1544679259,0.255342458039
1544679260,0.270412593873
1544679261,0.286722125039
1544679262,0.294019344475
1544679263,0.289519906894
1544679264,0.285869714688
1544679265,0.280151203914
1544679266,0.277529362599
1544679267,0.289593160719
1544679268,0.31662102906
1544679269,0.395788784755
1544679270,0.524946817249
1544679271,0.664795414737
1544679272,0.810356722108
1544679273,0.960047191042
1544679274,1.12946927778
1544679275,1.36329965508
1544679276,1.66760158772
1544679277,2.01294014744
1544679278,2.4423236072
1544679279,2.96437974634
1544679280,3.5811796251
1544679281,4.27470998017
1544679282,5.21480819264
1544679283,6.39532849968
1544679284,7.77322277386
1544679285,9.45165382055
1544679286,11.372754801
1544679287,13.6015666242
1544679288,16.2591979169
1544679289,19.4208390306
1544679290,23.178098062
1544679291,27.7457152984
1544679292,32.9949479651
1544679293,39.2926997227
1544679294,46.7072459849
1544679295,55.3797985238
1544679296,65.6902960831
1544679297,77.717516888
1544679298,91.9475389576
1544679299,108.899128355
1544679300,127.589860569
1544679301,148.911160864
1544679302,171.394604866
1544679303,186.530936571
1544679304,200.469134157
1544679305,210.718400316
1544679306,222.687953847
1544679307,232.958086968
1544679308,238.681124733
1544679309,240.334886819
1544679310,239.478533456
1544679311,232.207372723
1544679312,229.247375152
1544679313,226.427842784
1544679314,216.77852096
1544679315,199.461212859
1544679316,170.999880601
1544679317,130.435457407
1544679318,76.6430645182
1544679319,11.9889544561
1544679320,-19.0932759616
1544679321,-40.9741826899
