time,max_dev
1544679226,0.0211522237488
1544679227,0.0425504718415
1544679228,0.0456930657726
1544679229,0.0421170895204
1544679230,0.0362926126325
1544679231,0.0461889792596
1544679232,0.0391496477135
1544679233,0.0429307616013
1544679234,0.0440996814421
1544679235,0.0469812828931
1544679236,0.0525297785471
1544679237,0.0685837328364
1544679238,0.0750743923777
1544679239,0.0729950838875
1544679240,0.0664083346025
1544679241,0.0673314032515
1544679242,0.0766669066051
1544679243,0.0851728734742
1544679244,0.106249542764
1544679245,0.147843136933
1544679246,0.175302275717
1544679247,0.188645402604
1544679248,0.193314557748
1544679249,0.144123779367
1544679250,0.135884780269
1544679251,0.151479525687
1544679252,0.160530504811
1544679253,0.164516889206
1544679254,0.180486383618
1544679255,0.207776290834
1544679256,0.221911486953
1544679257,0.233206918458
1544679258,0.248126527885
1544679259,0.255286717357
1544679260,0.27034667741
1544679261,0.286627284676
1544679262,0.293944483326
1544679263,0.289430271151
1544679264,0.285759312415
1544679265,0.280040315501
1544679266,0.277422557871
1544679267,0.289500501353
1544679268,0.316536942145
1544679269,0.394943432753
1544679270,0.524457930522
1544679271,0.664665009962
1544679272,0.810348494769
1544679273,0.960031883813
1544679274,1.12945427211
1544679275,1.36313581875
1544679276,1.66766558163
1544679277,2.015953625
1544679278,2.44641225482
1544679279,2.96767346923
1544679280,3.58540226089
1544679281,4.27776522251
1544679282,5.21702303251
1544679283,6.3768060721
1544679284,7.73232772341
1544679285,9.41482874607
1544679286,11.3638689892
1544679287,13.6282310134
1544679288,16.3057387223
1544679289,19.4621235836
1544679290,23.2029130688
1544679291,27.7573651413
1544679292,33.005185807
1544679293,39.3055219222
1544679294,46.7267663126
1544679295,55.3999651759
1544679296,65.7037654407
1544679297,77.7174133159
1544679298,91.9287395068
1544679299,108.854393373
1544679300,127.531157428
1544679301,148.830040376
1544679302,171.327922637
1544679303,186.457649798
1544679304,200.342222786
1544679305,210.612983437
1544679306,222.430065094
1544679307,232.670493793
1544679308,238.333718391
1544679309,239.858060556
1544679310,239.033743748
1544679311,231.663360185
1544679312,228.897318119
1544679313,225.901124165
1544679314,216.236799309
1544679315,198.699468192
1544679316,170.678489344
1544679317,129.026991747
1544679318,73.932444292
1544679319,10.5503068404
1544679320,-18.9778700935
1544679321,-40.9476151949
