time,max_dev
1544679237,0.0436230239935
1544679238,0.0656267075114
1544679239,0.0771553546183
1544679240,0.0790385195419
1544679241,0.0761138636353
1544679242,0.076753515523
1544679243,0.0787052543417
1544679244,0.0964685661089
1544679245,0.141568356563
1544679246,0.17395814996
1544679247,0.18728898152
1544679248,0.192632246321
1544679249,0.145752790143
1544679250,0.136342640442
1544679251,0.151841529484
1544679252,0.160296694577
1544679253,0.164007684413
1544679254,0.180009469805
1544679255,0.207517330832
1544679256,0.221770567776
1544679257,0.233088845669
1544679258,0.24796940448
1544679259,0.255119285638
1544679260,0.270135990522
1544679261,0.286497289583
1544679262,0.293758452187
1544679263,0.289277653349
1544679264,0.285688125886
1544679265,0.279970057943
1544679266,0.277318455726
1544679267,0.289366214469
1544679268,0.316386100137
1544679269,0.393663650763
1544679270,0.522734831707
1544679271,0.663719726442
1544679272,0.809773015219
1544679273,0.959585953637
1544679274,1.12904988925
1544679275,1.36255556019
1544679276,1.66710718885
1544679277,2.01542855273
1544679278,2.44591549566
1544679279,2.96720458903
1544679280,3.58475842929
1544679281,4.27688695578
1544679282,5.21601454815
1544679283,6.37569753665
1544679284,7.7311527427
1544679285,9.41350957625
1544679286,11.3626778618
1544679287,13.6270995775
1544679288,16.3045270379
1544679289,19.4606051787
1544679290,23.201041077
1544679291,27.755178439
1544679292,33.0029624799
1544679293,39.3032221611
1544679294,46.7243779608
1544679295,55.3970504235
1544679296,65.699968008
1544679297,77.7123528291
1544679298,91.9221182475
1544679299,108.846126695
1544679300,127.521232332
1544679301,148.818830507
1544679302,171.31145368
1544679303,186.425196722
1544679304,200.313593167
1544679305,210.555624188
1544679306,222.399472776
1544679307,232.631129759
1544679308,238.282553045
1544679309,239.79953725
1544679310,238.980310522
1544679311,231.607328526
1544679312,228.954868882
1544679313,226.193015475
1544679314,216.280020064
1544679315,198.759624397
1544679316,170.240441374
1544679317,129.187045127
1544679318,74.1880424925
1544679319,10.7652657537
1544679320,-18.9700923971
1544679321,-40.9295603971
