Time_us,angl_accel_z
1440257,-0.126558904708391
2440690,-0.0265542562405075
3460282,0.00199295614451713
4460715,0.0145484228053073
5480307,0.00318122660748963
6480740,0.00838726326477275
7500332,0.0254955470333603
8500765,0.0302617202108241
9520357,0.031856966307398
10539949,0.0337534551281328
11540382,0.0379223379745029
12559974,0.0519480171813272
13300511,0.0743121317756631
13880279,0.0935100126987575
