Time_us,angl_accel_z
2000033,-0.00566122334375081
3019625,-0.00151715653854922
4020058,0.00978163856716658
5039650,0.00674620100883087
6040083,-0.0183072821878618
7059675,-0.00927851953839772
8060108,0.00460435082990924
9079700,0.00526221041010871
10080133,0.0062599252512779
11099725,0.00593871508464463
12100158,0.00631141338330378
13119750,0.0119792909048116
14120183,0.0281844025097411
