Time_us,angl_accel_z
2020025,-0.0351569911004649
3020458,-0.013365078991199
4040050,-0.00784697793336768
5040483,-0.00693351733094971
6060075,0.00106101890496788
7060508,0.0144797817799077
8080100,0.0217713763657007
9080533,0.0251518443434496
10100125,0.0258323784700181
11100558,0.0265322975523124
12120150,0.0313716669194408
13120583,0.0536301310415979
13840295,0.0766995248329206
