time,max_dev
1514423902,-0.0
1514423903,-0.00138729233855
1514423904,0.093372846605
1514423905,0.21903170406
1514423906,0.213546439003
1514423907,0.0454469928334
1514423908,0.0534060840022
1514423909,0.0448266991386
