time,max_dev
1514423896,0.000695908233326
1514423897,-0.0282292809932
1514423898,-0.0507257961882
1514423899,-0.0386190362506
1514423900,0.00803798750172
1514423901,0.0052816669909
1514423902,0.00170017599899
1514423903,-0.00681661926048
1514423904,0.0957461726538
1514423905,0.218660207599
1514423906,0.211630357334
1514423907,0.0432128312722
1514423908,0.0491399923752
1514423909,0.0400702188771
