time,max_dev
1514423900,8.50683488498e-05
1514423901,0.000237258499752
1514423902,0.000155859074868
1514423903,-0.00140206799518
1514423904,0.0933927681637
1514423905,0.219047189574
1514423906,0.213563727712
1514423907,0.0454415138549
1514423908,0.0532536924928
1514423909,0.0446838801786
