time,max_dev
1514423903,-0.0
1514423904,0.0939265474148
1514423905,0.219478322938
1514423906,0.214072350298
1514423907,0.0456434753214
1514423908,0.0528967295919
1514423909,0.0442431144479
