time,max_dev
1514423897,0.00328310353758
1514423898,-0.00298365438545
1514423899,-0.00193077610982
1514423900,0.000883620494945
1514423901,0.000803163448295
1514423902,0.000770172980268
1514423903,-0.000955023904656
1514423904,0.0936233674586
1514423905,0.219086945855
1514423906,0.213424097794
1514423907,0.0452451541299
1514423908,0.0525205234855
1514423909,0.0438741536279
