time,max_dev
1514423893,0.0286158904806
1514423894,-0.0113975787689
1514423895,-0.0553938453839
1514423896,-0.0174164665365
1514423897,0.019995430275
1514423898,0.0307061282603
1514423899,0.0330984272378
1514423900,0.0116470007328
1514423901,-0.000616059767017
1514423902,-0.00486120616559
1514423903,-0.0104522734998
1514423904,0.0942082598107
1514423905,0.218480681748
1514423906,0.213738190783
1514423907,0.0459238234524
1514423908,0.0602187139482
1514423909,0.0519188131555
