time,max_dev
1514423901,0.000214608226597
1514423902,9.451912145e-05
1514423903,-0.00151548037002
1514423904,0.0933449834499
1514423905,0.219024256243
1514423906,0.213538583526
1514423907,0.0454410173795
1514423908,0.0533260238297
1514423909,0.0447598285527
