time,max_dev
1514423898,-0.0
1514423899,-0.00207401614186
1514423900,0.000439981883644
1514423901,0.000670664791352
1514423902,0.000645318023184
1514423903,-0.000877882708704
1514423904,0.0935626721234
1514423905,0.219092866303
1514423906,0.213512614605
1514423907,0.0453304453525
1514423908,0.0527405429601
1514423909,0.0441217976749
