time,max_dev
1514423895,0.0089027835989
1514423896,-0.0363397231351
1514423897,-0.0150194281648
1514423898,0.0098883800243
1514423899,0.0161031795793
1514423900,0.0141976899715
1514423901,0.00092966288343
1514423902,-0.00319800990428
1514423903,-0.0106092250335
1514423904,0.0952766948351
1514423905,0.218579907554
1514423906,0.21332737461
1514423907,0.0450368977299
1514423908,0.0566339114233
1514423909,0.0477862018744
