time,max_dev
1514423894,0.0135859528959
1514423895,-0.0360183527075
1514423896,-0.0214007514958
1514423897,0.00869501309835
1514423898,0.0229547697044
1514423899,0.025859908158
1514423900,0.0132668156852
1514423901,7.8077412857e-05
1514423902,-0.00418752243052
1514423903,-0.0105450573578
1514423904,0.0947726582406
1514423905,0.218549225939
1514423906,0.21366511737
1514423907,0.0456039254093
1514423908,0.0592676513974
1514423909,0.0506558194434
