time,max_dev
1514423905,0.23028311524
1514423906,0.228593339865
1514423907,0.0657499879422
1514423908,0.0504052530343
1514423909,0.0438395836888
