time,max_dev
1514423904,0.0896115221732
1514423905,0.226638763193
1514423906,0.21975320096
1514423907,0.0500506962232
1514423908,0.0474222315577
1514423909,0.0391046695162
