time,max_dev
1514423899,-0.0
1514423900,0.00014026264516
1514423901,0.000398277482399
1514423902,0.000373963585508
1514423903,-0.00106412716008
1514423904,0.0934919345968
1514423905,0.219082224114
1514423906,0.213569938053
1514423907,0.0454063846447
1514423908,0.0530253723865
1514423909,0.0444364869135
