time,max_dev
1523501880,0.0150393266898
1523501881,0.0277473693506
1523501882,0.0201770393617
1523501883,0.0103896083964
1523501884,-0.013758150512
1523501885,-0.0100042392515
1523501886,-0.000910537414906
1523501887,0.000461269515634
1523501888,0.0182031862008
1523501889,0.0202363291004
1523501890,0.0214237214216
1523501891,0.0222635319188
1523501892,0.0171231879596
1523501893,0.0101748121831
1523501894,-0.00301558648453
1523501895,0.00115027206417
1523501896,0.00607160452727
1523501897,0.0077411723991
1523501898,0.00549337818686
1523501899,0.00843026149113
1523501900,0.0133883624247
1523501901,0.0197729338237
1523501902,0.0206728916665
1523501903,0.0455856368204
1523501904,0.150925562625
1523501905,0.350227796861
1523501906,0.400928038322
1523501907,0.40573771682
1523501908,0.500902427778
1523501909,0.641557265008
1523501910,1.12686753026
1523501911,1.775179248
1523501912,2.61145491128
1523501913,3.41817887332
1523501914,4.49855552095
1523501915,5.57432424093
1523501916,6.4979134169
1523501917,7.62026987584
1523501918,8.1150839158
1523501919,8.19450107912
1523501920,7.95440917104
1523501921,6.74008309732
1523501922,4.48545838659
1523501923,1.6048226823
1523501924,-0.363963611764
1523501925,-1.1501586604
