time,max_dev
1523501882,0.00764622225597
1523501883,0.00494067193104
1523501884,-0.0114320026584
1523501885,-0.0073134583417
1523501886,-3.72710123071e-05
1523501887,0.00125609101729
1523501888,0.0178885451459
1523501889,0.0197688424055
1523501890,0.0210549683482
1523501891,0.0220667631925
1523501892,0.0170706999446
1523501893,0.0101835690623
1523501894,-0.00295149932647
1523501895,0.00119949323473
1523501896,0.00609190002747
1523501897,0.00777493184623
1523501898,0.00551056296915
1523501899,0.00843167583996
1523501900,0.0133844067223
1523501901,0.0197650780283
1523501902,0.0206644157263
1523501903,0.0455795834602
1523501904,0.150877282313
1523501905,0.350082329505
1523501906,0.400948875262
1523501907,0.405752495921
1523501908,0.500886649974
1523501909,0.641583065132
1523501910,1.12690098365
1523501911,1.77521193387
1523501912,2.61148041571
1523501913,3.4181873374
1523501914,4.49853930448
1523501915,5.57430283446
1523501916,6.49793285336
1523501917,7.6203669885
1523501918,8.11520953844
1523501919,8.19462116682
1523501920,7.95443003588
1523501921,6.73964257714
1523501922,4.48477917228
1523501923,1.60410904671
1523501924,-0.364151291356
1523501925,-1.14998409068
