time,max_dev
1523501890,0.0143345536028
1523501891,0.0219200926156
1523501892,0.0189620906041
1523501893,0.0124926012864
1523501894,-0.00111170942647
1523501895,0.00131962067822
1523501896,0.00573242378925
1523501897,0.00740145900746
1523501898,0.00504175276681
1523501899,0.00822027341347
1523501900,0.0133660887648
1523501901,0.0198501693297
1523501902,0.0207801892013
1523501903,0.045677640412
1523501904,0.151069469304
1523501905,0.350368249763
1523501906,0.401002162489
1523501907,0.405764418901
1523501908,0.500795475525
1523501909,0.641323877392
1523501910,1.12652434788
1523501911,1.77476617797
1523501912,2.61105647987
1523501913,3.4178233669
1523501914,4.49826538873
1523501915,5.57411193125
1523501916,6.49781319326
1523501917,7.62030168046
1523501918,8.11506963313
1523501919,8.1944417696
1523501920,7.95417928409
1523501921,6.7392702446
1523501922,4.48430058144
1523501923,1.60365385976
1523501924,-0.364237897152
1523501925,-1.14982195473
