time,max_dev
1523501868,-3.52186297948e-06
1523501869,0.0112741418747
1523501870,0.0102031808429
1523501871,0.0108123950008
1523501872,-0.0010101447043
1523501873,0.000471169617925
1523501874,0.0192224011972
1523501875,0.0302335508072
1523501876,0.0225878186155
1523501877,0.0168273132265
1523501878,-0.0130847630485
1523501879,-0.0203062986502
1523501880,0.00795189331411
1523501881,0.0295768581614
1523501882,0.0251560226934
1523501883,0.015137949732
1523501884,-0.0108059905247
1523501885,-0.00976873356019
1523501886,-0.00119455029657
1523501887,0.000161857173552
1523501888,0.0177827669411
1523501889,0.0199679539837
1523501890,0.0213443142935
1523501891,0.0223132191324
1523501892,0.0172252141717
1523501893,0.0102869185383
1523501894,-0.00292264142243
1523501895,0.00118362806553
1523501896,0.0060876536231
1523501897,0.00776404992008
1523501898,0.00551287048831
1523501899,0.00845203270893
1523501900,0.0134100254861
1523501901,0.0197928968518
1523501902,0.020692504199
1523501903,0.045607284844
1523501904,0.150961528305
1523501905,0.35029470067
1523501906,0.400947984347
1523501907,0.405762274071
1523501908,0.500921082706
1523501909,0.641596286234
1523501910,1.12691611887
1523501911,1.77523637023
1523501912,2.61151322358
1523501913,3.41822986792
1523501914,4.49859011129
1523501915,5.57436062408
1523501916,6.49799138452
1523501917,7.62042548775
1523501918,8.11530131921
1523501919,8.19473071064
1523501920,7.95458194404
1523501921,6.7399210465
1523501922,4.48515930024
1523501923,1.60450276491
1523501924,-0.364043496639
1523501925,-1.15007385463
