time,max_dev
1523501838,0.000444229852152
1523501839,0.0110818376701
1523501840,0.0160408813863
1523501841,0.011097538332
1523501842,0.00593806882675
1523501843,0.00893194877545
1523501844,0.00565147002779
1523501845,-0.00207658206684
1523501846,-0.00353919182371
1523501847,-0.00296936075589
1523501848,0.00377093272452
1523501849,0.00993440357578
1523501850,0.00915257453103
1523501851,0.00509957531632
1523501852,-0.000416004873113
1523501853,-0.00573165496848
1523501854,-0.00296794303126
1523501855,0.00924144523724
1523501856,0.0213592424273
1523501857,0.0322132930106
1523501858,0.0286294586183
1523501859,0.0202549820182
1523501860,0.00993848151491
1523501861,-0.00470133887798
1523501862,-0.0109788105023
1523501863,-0.00372284981676
1523501864,0.0185684272742
1523501865,0.0280711926066
1523501866,0.0158791366745
1523501867,0.00507182457514
1523501868,0.000703039576508
1523501869,0.00956693260875
1523501870,0.00880725798109
1523501871,0.00965491564319
1523501872,-0.000764994438418
1523501873,0.000513194816601
1523501874,0.0187244145527
1523501875,0.0297634738207
1523501876,0.022090564227
1523501877,0.0164644796204
1523501878,-0.0132970720671
1523501879,-0.0203729912006
1523501880,0.00789686558415
1523501881,0.0294816948865
1523501882,0.0250783996853
1523501883,0.0150024169753
1523501884,-0.0109409067599
1523501885,-0.00988569865006
1523501886,-0.0012971352586
1523501887,2.99535919584e-05
1523501888,0.0176714318249
1523501889,0.0198692249592
1523501890,0.0212549766518
1523501891,0.0222329452133
1523501892,0.0171530949862
1523501893,0.0101997545569
1523501894,-0.00299991863843
1523501895,0.00112103144277
1523501896,0.00603497218172
1523501897,0.00769470862405
1523501898,0.00545190519682
1523501899,0.00840014073819
1523501900,0.0133646301783
1523501901,0.0197540721052
1523501902,0.0206560148014
1523501903,0.0455667901335
1523501904,0.150912031895
1523501905,0.350228198386
1523501906,0.400930422202
1523501907,0.405770100384
1523501908,0.500991060811
1523501909,0.641593701638
1523501910,1.12689638527
1523501911,1.77520837981
1523501912,2.6114823092
1523501913,3.41818982558
1523501914,4.49851531366
1523501915,5.57428043397
1523501916,6.4979277947
1523501917,7.62038882799
1523501918,8.11523691467
1523501919,8.19464867209
1523501920,7.95442216743
1523501921,6.73942790933
1523501922,4.48443619483
1523501923,1.6037436423
1523501924,-0.364252494453
1523501925,-1.14990411644
