time,max_dev
1523501860,0.0127297709939
1523501861,0.0064789015316
1523501862,-0.000476150025422
1523501863,-0.00377512005196
1523501864,0.0169795621576
1523501865,0.0257325481762
1523501866,0.0136444743833
1523501867,0.00366960629959
1523501868,0.00013504765362
1523501869,0.00981463656292
1523501870,0.00920340026084
1523501871,0.0100319297876
1523501872,-0.000478058795402
1523501873,0.000612366203084
1523501874,0.018926504558
1523501875,0.0297719946896
1523501876,0.0221106537597
1523501877,0.0164993752789
1523501878,-0.0132476824387
1523501879,-0.020317433649
1523501880,0.00794900834344
1523501881,0.0295402781014
1523501882,0.0251271539307
1523501883,0.0150620482428
1523501884,-0.0108837417599
1523501885,-0.00983447958443
1523501886,-0.00125110492314
1523501887,8.25483218072e-05
1523501888,0.0177172523206
1523501889,0.0199119650334
1523501890,0.0212961953534
1523501891,0.0222725597754
1523501892,0.0171901628346
1523501893,0.0102388038332
1523501894,-0.00296544738712
1523501895,0.00114701699941
1523501896,0.00605342478745
1523501897,0.00771603536041
1523501898,0.00546423365436
1523501899,0.00840465182816
1523501900,0.0133697015715
1523501901,0.0197611306067
1523501902,0.0206641447931
1523501903,0.0455751408583
1523501904,0.150916114861
1523501905,0.350235513017
1523501906,0.400908609656
1523501907,0.405712852802
1523501908,0.500863969541
1523501909,0.641559226799
1523501910,1.1268840601
1523501911,1.77520064257
1523501912,2.61147283252
1523501913,3.41818279195
1523501914,4.49852642915
1523501915,5.57429322228
1523501916,6.49792786968
1523501917,7.62036610418
1523501918,8.11521567725
1523501919,8.19463208641
1523501920,7.95444351724
1523501921,6.73965706992
1523501922,4.48479399006
1523501923,1.60412532367
1523501924,-0.364152533474
1523501925,-1.14999828425
