time,max_dev
1523501891,0.0166607066407
1523501892,0.0183969517104
1523501893,0.0128053871312
1523501894,0.000139437063351
1523501895,0.0022316551646
1523501896,0.00584832883742
1523501897,0.00750454749145
1523501898,0.00483794901811
1523501899,0.00797248027937
1523501900,0.013258447833
1523501901,0.019859356339
1523501902,0.0208791486168
1523501903,0.0457975743916
1523501904,0.151261063858
1523501905,0.350596656786
1523501906,0.400957486746
1523501907,0.40564528686
1523501908,0.500537474264
1523501909,0.640963892563
1523501910,1.12605414317
1523501911,1.77421466427
1523501912,2.61051834377
1523501913,3.41734372066
1523501914,4.49787528297
1523501915,5.57380537083
1523501916,6.49754344751
1523501917,7.62001071614
1523501918,8.11462418692
1523501919,8.19393711317
1523501920,7.95364511137
1523501921,6.73895714545
1523501922,4.48402028409
1523501923,1.60342722649
1523501924,-0.364278811413
1523501925,-1.14973102293
