time,max_dev
1523501877,3.77684389339e-05
1523501878,-0.0175735358759
1523501879,-0.0149432287684
1523501880,0.0120060705224
1523501881,0.0320502086182
1523501882,0.0258841017915
1523501883,0.0148862902067
1523501884,-0.0118602318164
1523501885,-0.0105131662195
1523501886,-0.00150763302584
1523501887,-0.000108378556526
1523501888,0.0179149717244
1523501889,0.020160597025
1523501890,0.0214991190006
1523501891,0.0223966267087
1523501892,0.0172477309703
1523501893,0.0102958624506
1523501894,-0.00293559822041
1523501895,0.0011767373185
1523501896,0.00608976594881
1523501897,0.00777063270962
1523501898,0.00552555216128
1523501899,0.00846421093512
1523501900,0.0134195096449
1523501901,0.0198002430325
1523501902,0.0206973901743
1523501903,0.0456101557361
1523501904,0.150952296233
1523501905,0.350268893251
1523501906,0.400899542862
1523501907,0.405664342981
1523501908,0.50074332776
1523501909,0.641423524391
1523501910,1.12668219372
1523501911,1.77491391922
1523501912,2.61112124705
1523501913,3.41777684579
1523501914,4.49806633204
1523501915,5.57378334411
1523501916,6.497366886
1523501917,7.61970886156
1523501918,8.11420900294
1523501919,8.19346644964
1523501920,7.95294784439
1523501921,6.73757841896
1523501922,4.48203074498
1523501923,1.60126401242
1523501924,-0.364954472616
1523501925,-1.14936026389
