time,max_dev
1523501872,0.00010667819323
1523501873,0.00697604034979
1523501874,0.0265665836902
1523501875,0.0349456470361
1523501876,0.0255073891063
1523501877,0.016301069632
1523501878,-0.0152162809084
1523501879,-0.0218835870973
1523501880,0.00724292241755
1523501881,0.0292441925064
1523501882,0.0252617538037
1523501883,0.0153085716175
1523501884,-0.0105985816526
1523501885,-0.00977369514395
1523501886,-0.00127987867891
1523501887,4.48850882668e-05
1523501888,0.0176413893884
1523501889,0.0198483787571
1523501890,0.021252456861
1523501891,0.0222458715038
1523501892,0.0171741562057
1523501893,0.0102243082241
1523501894,-0.00297651083656
1523501895,0.0011371564638
1523501896,0.00604774726811
1523501897,0.00770901851974
1523501898,0.00546427858088
1523501899,0.00841154838812
1523501900,0.0133758949544
1523501901,0.0197649306027
1523501902,0.0206668569184
1523501903,0.0455781842155
1523501904,0.150931766367
1523501905,0.350269984661
1523501906,0.400901203528
1523501907,0.405705150376
1523501908,0.500858768848
1523501909,0.641552103527
1523501910,1.1268771727
1523501911,1.77519306926
1523501912,2.61146662961
1523501913,3.41817727362
1523501914,4.49851975354
1523501915,5.57428730743
1523501916,6.49792227305
1523501917,7.62036009807
1523501918,8.11520787839
1523501919,8.19462398347
1523501920,7.95443449317
1523501921,6.73965269162
1523501922,4.4847897856
1523501923,1.60412137832
1523501924,-0.364154399633
1523501925,-1.14999847606
