time,max_dev
1523501887,0.000122006599198
1523501888,0.0133521484456
1523501889,0.0185004123485
1523501890,0.0220132766925
1523501891,0.0237853077959
1523501892,0.0185250539785
1523501893,0.0113860124804
1523501894,-0.00238710347617
1523501895,0.00108093574495
1523501896,0.0059387608022
1523501897,0.0076336376685
1523501898,0.00543443265241
1523501899,0.0084707754645
1523501900,0.0134662029176
1523501901,0.0198586757902
1523501902,0.0207505305928
1523501903,0.0456514834852
1523501904,0.150988224937
1523501905,0.350304976025
1523501906,0.400946879192
1523501907,0.405737930038
1523501908,0.500847544575
1523501909,0.641528021041
1523501910,1.1268289739
1523501911,1.77512624093
1523501912,2.61139185491
1523501913,3.41809942835
1523501914,4.49845142853
1523501915,5.57422040085
1523501916,6.49786188266
1523501917,7.6203038069
1523501918,8.11510309271
1523501919,8.19449215145
1523501920,7.95424935017
1523501921,6.73934355673
1523501922,4.48437873226
1523501923,1.603694474
1523501924,-0.364261463476
1523501925,-1.14988074347
