time,max_dev
1523501903,0.0361494829716
1523501904,0.147176780734
1523501905,0.352461808895
1523501906,0.405540103963
1523501907,0.415078773927
1523501908,0.515837656076
1523501909,0.666193863701
1523501910,1.15490703188
1523501911,1.80316707242
1523501912,2.63420577539
1523501913,3.43431866522
1523501914,4.50830212963
1523501915,5.57697657329
1523501916,6.49492661861
1523501917,7.61178957769
1523501918,8.10555931524
1523501919,8.1841856065
1523501920,7.94500334197
1523501921,6.73143505922
1523501922,4.47707663996
1523501923,1.59760832761
1523501924,-0.365971688485
1523501925,-1.1489083279
