time,max_dev
1523501857,0.0246090165833
1523501858,0.0266676676456
1523501859,0.019939463816
1523501860,0.0117893379239
1523501861,-0.00285133205345
1523501862,-0.00968485014138
1523501863,-0.0040295447422
1523501864,0.018134381389
1523501865,0.0276824731477
1523501866,0.0155402833043
1523501867,0.00495421662561
1523501868,0.000726869372483
1523501869,0.00967929452296
1523501870,0.00892097783064
1523501871,0.00974739110138
1523501872,-0.000670424606056
1523501873,0.000568859952831
1523501874,0.018940324163
1523501875,0.0298017719731
1523501876,0.0221405780849
1523501877,0.0165130556436
1523501878,-0.013251501911
1523501879,-0.0203332934518
1523501880,0.00793133690562
1523501881,0.0295263853072
1523501882,0.0251096904001
1523501883,0.0150508287127
1523501884,-0.0108978435012
1523501885,-0.00984976712246
1523501886,-0.00126512548692
1523501887,7.24479447961e-05
1523501888,0.0177076810807
1523501889,0.019901541208
1523501890,0.0212842754739
1523501891,0.0222585068665
1523501892,0.0171759341932
1523501893,0.0102279848324
1523501894,-0.00297520045365
1523501895,0.00114076597393
1523501896,0.00605185819359
1523501897,0.0077174501449
1523501898,0.0054720884372
1523501899,0.00841683005435
1523501900,0.0133789999132
1523501901,0.0197663729834
1523501902,0.020667180123
1523501903,0.0455786466984
1523501904,0.150922012113
1523501905,0.350236075906
1523501906,0.40107453585
1523501907,0.40602415109
1523501908,0.501429037196
1523501909,0.641854799769
1523501910,1.12715529467
1523501911,1.77552528305
1523501912,2.61185388324
1523501913,3.41860810292
1523501914,4.49896963266
1523501915,5.57477424104
1523501916,6.49850421679
1523501917,7.62113099238
1523501918,8.15517246166
1523501919,8.21873777984
1523501920,7.95584392413
1523501921,6.74083528009
1523501922,4.4861803158
1523501923,1.60552558761
1523501924,-0.363731021948
1523501925,-1.15025968064
