time,max_dev
1523501842,0.00012215751469
1523501843,0.0110226809048
1523501844,0.00843811647734
1523501845,0.000247381191941
1523501846,-0.00339960528571
1523501847,-0.0028519649305
1523501848,0.0034048843924
1523501849,0.0096292643263
1523501850,0.00899765960063
1523501851,0.00502028242725
1523501852,-0.000388496537839
1523501853,-0.00564972770612
1523501854,-0.0028835220953
1523501855,0.00932369269705
1523501856,0.0214159422988
1523501857,0.0322535839713
1523501858,0.0286612424346
1523501859,0.0202939113754
1523501860,0.00996500366236
1523501861,-0.00467257384371
1523501862,-0.0109508870332
1523501863,-0.00369154254818
1523501864,0.0186065749614
1523501865,0.0281059772776
1523501866,0.0159026743366
1523501867,0.00510138808609
1523501868,0.000729683804553
1523501869,0.00958894255476
1523501870,0.00883314170421
1523501871,0.00967421823712
1523501872,-0.000735884392251
1523501873,0.000539067836782
1523501874,0.0189213448254
1523501875,0.0297856997185
1523501876,0.0221156498514
1523501877,0.0164879939003
1523501878,-0.0132762434714
1523501879,-0.0203543492742
1523501880,0.00791436632006
1523501881,0.0295023330707
1523501882,0.0250948031846
1523501883,0.01502438278
1523501884,-0.0109213726742
1523501885,-0.00986830503059
1523501886,-0.00128083934851
1523501887,4.93628701314e-05
1523501888,0.0176889330975
1523501889,0.0198855114621
1523501890,0.0212699271688
1523501891,0.0222465355468
1523501892,0.0171664825939
1523501893,0.0102145484671
1523501894,-0.00298619978424
1523501895,0.00113407824784
1523501896,0.00604710880001
1523501897,0.00770888022102
1523501898,0.00546527974521
1523501899,0.00841356125035
1523501900,0.0133770535564
1523501901,0.0197649481344
1523501902,0.0206665963596
1523501903,0.0455775976716
1523501904,0.150932151739
1523501905,0.350271629741
1523501906,0.400892712789
1523501907,0.405691086779
1523501908,0.500828882414
1523501909,0.641546893215
1523501910,1.12687482002
1523501911,1.77518323542
1523501912,2.61144363643
1523501913,3.41813226158
1523501914,4.49843718647
1523501915,5.57419187801
1523501916,6.49784941422
1523501917,7.62032890114
1523501918,8.11515003176
1523501919,8.1945431358
1523501920,7.95425504701
1523501921,6.73900198259
1523501922,4.48384723107
1523501923,1.60313984332
1523501924,-0.364427132946
1523501925,-1.14978483284
