time,max_dev
1523501853,0.000122629724006
1523501854,-0.0033115831479
1523501855,0.00863054807494
1523501856,0.0210622761938
1523501857,0.0321990056813
1523501858,0.0287125671316
1523501859,0.0203688652636
1523501860,0.0100406644731
1523501861,-0.00461443934444
1523501862,-0.0109166541759
1523501863,-0.00371061670265
1523501864,0.0185843184803
1523501865,0.0280861893066
1523501866,0.0158857166716
1523501867,0.00509117090722
1523501868,0.000723455480449
1523501869,0.00958557179754
1523501870,0.00882924377094
1523501871,0.0096701746348
1523501872,-0.000740147771537
1523501873,0.000533319397295
1523501874,0.0189156004145
1523501875,0.0297797898761
1523501876,0.0221102227229
1523501877,0.0164829037486
1523501878,-0.013281324189
1523501879,-0.0203599142441
1523501880,0.00790846573581
1523501881,0.0294969223108
1523501882,0.0250889006882
1523501883,0.0150189618863
1523501884,-0.0109259792765
1523501885,-0.0098730553223
1523501886,-0.00128640138659
1523501887,4.42882198036e-05
1523501888,0.0176838523276
1523501889,0.0198804371625
1523501890,0.0212651823484
1523501891,0.0222417937856
1523501892,0.0171612525752
1523501893,0.0102098133471
1523501894,-0.00299125117035
1523501895,0.00112792331145
1523501896,0.00604100347269
1523501897,0.00770278894745
1523501898,0.0054589265152
1523501899,0.00840618244621
1523501900,0.0133694204836
1523501901,0.0197584462643
1523501902,0.0206600987506
1523501903,0.0455709142445
1523501904,0.150915276328
1523501905,0.350230180025
1523501906,0.40089206043
1523501907,0.405679784072
1523501908,0.500798188837
1523501909,0.641553210354
1523501910,1.12689744683
1523501911,1.77522443544
1523501912,2.61150085041
1523501913,3.41821319075
1523501914,4.49856292401
1523501915,5.57487941171
1523501916,6.49798105988
1523501917,7.62044007356
1523501918,8.11532815269
1523501919,8.20093362567
1523501920,7.95459689215
1523501921,6.73983539047
1523501922,4.48503728993
1523501923,1.60437807297
1523501924,-0.364083241226
1523501925,-1.15005415315
