time,max_dev
1523501845,9.29336217058e-05
1523501846,-0.00123751486739
1523501847,-0.000658286337298
1523501848,0.00505858571698
1523501849,0.0102719519968
1523501850,0.00874654401606
1523501851,0.00453315482042
1523501852,-0.00105996513737
1523501853,-0.00618533603733
1523501854,-0.00298691408043
1523501855,0.0093007609092
1523501856,0.0214658031032
1523501857,0.0323068544034
1523501858,0.0286840110999
1523501859,0.0202541731387
1523501860,0.00993620935038
1523501861,-0.00471194379245
1523501862,-0.0109907632408
1523501863,-0.00372313066896
1523501864,0.0185749449786
1523501865,0.0280789741693
1523501866,0.0158821312705
1523501867,0.00507863819582
1523501868,0.000707733182112
1523501869,0.0095678791692
1523501870,0.0088095439763
1523501871,0.00965384437162
1523501872,-0.000760643690364
1523501873,0.00051624228192
1523501874,0.0188988963481
1523501875,0.0297646660131
1523501876,0.0220936165396
1523501877,0.0164666933528
1523501878,-0.0132954819739
1523501879,-0.0203722919657
1523501880,0.00789688832035
1523501881,0.0294830385465
1523501882,0.0250772799237
1523501883,0.0150037886262
1523501884,-0.0109408250813
1523501885,-0.0098864581496
1523501886,-0.00129792037252
1523501887,3.12962742025e-05
1523501888,0.0176724653916
1523501889,0.0198692532061
1523501890,0.0212541819207
1523501891,0.0222318069578
1523501892,0.0171514581435
1523501893,0.0101995737461
1523501894,-0.00300026723861
1523501895,0.00112103144277
1523501896,0.00603630407272
1523501897,0.00769723822652
1523501898,0.00545598227876
1523501899,0.00840411535102
1523501900,0.0133680689781
1523501901,0.019756764018
1523501902,0.0206576264351
1523501903,0.0455674446058
1523501904,0.150906021249
1523501905,0.350207511459
1523501906,0.40054423529
1523501907,0.404325566551
1523501908,0.497197601388
1523501909,0.639115809873
1523501910,1.12482955553
1523501911,1.77317179088
1523501912,2.60963158442
1523501913,3.41664634417
1523501914,4.49740121804
1523501915,5.57362469782
1523501916,6.50095631527
1523501917,7.62800550432
1523501918,8.1234310836
1523501919,8.20400997014
1523501920,7.97155561018
1523501921,6.7831432377
1523501922,4.54645363774
1523501923,1.66933538092
1523501924,-0.351856981398
1523501925,-1.1610612814
