time,max_dev
1523501893,5.88553495255e-05
1523501894,-0.00244532439883
1523501895,0.00736102194719
1523501896,0.00872127727648
1523501897,0.0101160366052
1523501898,0.00535816523231
1523501899,0.00722391558166
1523501900,0.0125193369503
1523501901,0.0194146906671
1523501902,0.020709570164
1523501903,0.0458645933306
1523501904,0.151538086401
1523501905,0.351032298554
1523501906,0.401000822552
1523501907,0.40568991534
1523501908,0.50054860961
1523501909,0.640780629997
1523501910,1.12571024354
1523501911,1.77375099462
1523501912,2.61003543372
1523501913,3.41687879204
1523501914,4.49742814666
1523501915,5.57342282316
1523501916,6.49725113046
1523501917,7.61980631435
1523501918,8.11428832972
1523501919,8.19353188111
1523501920,7.953002419
1523501921,6.73762538074
1523501922,4.48218859443
1523501923,1.60160355889
1523501924,-0.364735070625
1523501925,-1.14926275912
