time,max_dev
1523501912,-0.00640972795326
1523501913,0.0104601545137
1523501914,0.0227488555421
1523501915,0.022774206635
1523501916,0.0177991452242
1523501917,-0.0544512917419
1523501918,0.00678554370308
1523501919,0.159412112982
1523501920,0.372864650371
1523501921,0.00554815573717
1523501922,0.00551318095891
1523501923,0.00429703473963
1523501924,-0.00311462864172
1523501925,-0.00838250853058
