time,max_dev
1523501894,6.05569644764e-05
1523501895,0.00702010299567
1523501896,0.00662211133587
1523501897,0.00801115679855
1523501898,0.00343815824135
1523501899,0.00701345969592
1523501900,0.0130392563275
1523501901,0.0201223131122
1523501902,0.0212914752143
1523501903,0.0460925331357
1523501904,0.151849690902
1523501905,0.351286414502
1523501906,0.400897678019
1523501907,0.405425873265
1523501908,0.500034276262
1523501909,0.639702976547
1523501910,1.12429495351
1523501911,1.77215599892
1523501912,2.60857409127
1523501913,3.41567035942
1523501914,4.49651362994
1523501915,5.57284008681
1523501916,6.49695350947
1523501917,7.61974593944
1523501918,8.11408763406
1523501919,8.19325597681
1523501920,7.95257989379
1523501921,6.73699421945
1523501922,4.48137576403
1523501923,1.60088568317
1523501924,-0.364843260583
1523501925,-1.14896235578
