time,max_dev
1523501854,8.92505940534e-05
1523501855,0.00813503174868
1523501856,0.0199516992313
1523501857,0.031545995373
1523501858,0.0284564701314
1523501859,0.0202480717418
1523501860,0.0101552797105
1523501861,-0.00446281025294
1523501862,-0.0107840778062
1523501863,-0.00371243340896
1523501864,0.0185608937348
1523501865,0.0280466734454
1523501866,0.0158472397173
1523501867,0.00505623845396
1523501868,0.000697415401285
1523501869,0.00956996231792
1523501870,0.00881593982291
1523501871,0.00965806568321
1523501872,-0.000755079166278
1523501873,0.000517376482167
1523501874,0.0188988462432
1523501875,0.02976297621
1523501876,0.0220928878907
1523501877,0.0164662520392
1523501878,-0.0132969182919
1523501879,-0.0203749971193
1523501880,0.00789355620449
1523501881,0.0294815074243
1523501882,0.0250744643279
1523501883,0.0150041491334
1523501884,-0.0109404740065
1523501885,-0.00988733787325
1523501886,-0.00130048493323
1523501887,3.0198210181e-05
1523501888,0.017669588673
1523501889,0.019866354641
1523501890,0.0212514348049
1523501891,0.0222278936138
1523501892,0.017147359472
1523501893,0.0101960977134
1523501894,-0.00300511631869
1523501895,0.00111390776382
1523501896,0.00602682474873
1523501897,0.0076888334183
1523501898,0.00544477698429
1523501899,0.0083912839883
1523501900,0.0133556235539
1523501901,0.0197441176856
1523501902,0.0206460449378
1523501903,0.0455568908842
1523501904,0.150886592856
1523501905,0.35015533373
1523501906,0.400879549461
1523501907,0.40566616714
1523501908,0.500789797013
1523501909,0.641523680256
1523501910,1.12685930453
1523501911,1.77517753593
1523501912,2.61145177828
1523501913,3.4181621966
1523501914,4.49850743915
1523501915,5.57427800986
1523501916,6.49791199899
1523501917,7.62034496172
1523501918,8.11518862876
1523501919,8.1946045438
1523501920,7.95442505668
1523501921,6.73972957822
1523501922,4.48492161883
1523501923,1.60426009674
1523501924,-0.364120125594
1523501925,-1.15003148134
