time,max_dev
1523501902,0.0161434860252
1523501903,0.0470747402582
1523501904,0.156078165419
1523501905,0.356816206382
1523501906,0.400887701023
1523501907,0.404744162811
1523501908,0.497889456518
1523501909,0.630528417172
1523501910,1.11016012701
1523501911,1.75437625509
1523501912,2.59125489257
1523501913,3.39996014584
1523501914,4.48286719218
1523501915,5.56205682113
1523501916,6.48863780935
1523501917,7.61294768507
1523501918,8.10332878004
1523501919,8.17991641111
1523501920,7.93654373325
1523501921,6.71513142999
1523501922,4.45371214746
1523501923,1.57503498599
1523501924,-0.371690223112
1523501925,-1.14322467971
