time,max_dev
1523501883,6.31795773763e-05
1523501884,-0.0121403325067
1523501885,-0.00878776538576
1523501886,-0.00189101104106
1523501887,-0.000516199896512
1523501888,0.017798386407
1523501889,0.0203216745328
1523501890,0.0217677265239
1523501891,0.0226408450492
1523501892,0.0173946394226
1523501893,0.0104119751924
1523501894,-0.00289578520568
1523501895,0.0011758085819
1523501896,0.00609609605659
1523501897,0.00778888622608
1523501898,0.00555296431157
1523501899,0.00849653104926
1523501900,0.0134493455151
1523501901,0.0198243212287
1523501902,0.0207170246528
1523501903,0.0456298610874
1523501904,0.150963319995
1523501905,0.350265782479
1523501906,0.400970524299
1523501907,0.405774242982
1523501908,0.500899794882
1523501909,0.641597941763
1523501910,1.12691397018
1523501911,1.77522381853
1523501912,2.61149058386
1523501913,3.41819626482
1523501914,4.49855329233
1523501915,5.57431481204
1523501916,6.49794298015
1523501917,7.6203758725
1523501918,8.11521841778
1523501919,8.1946288048
1523501920,7.95443850336
1523501921,6.73965081402
1523501922,4.48479048573
1523501923,1.60411910904
1523501924,-0.364145496636
1523501925,-1.1499813085
