time,max_dev
1523501899,0.0155081897426
1523501900,0.0193370504048
1523501901,0.022379098729
1523501902,0.0211023256058
1523501903,0.0433465170845
1523501904,0.144532819932
1523501905,0.341294880659
1523501906,0.401760639707
1523501907,0.408020502844
1523501908,0.505901059622
1523501909,0.65192634319
1523501910,1.14130240691
1523501911,1.7922173692
1523501912,2.62773462385
1523501913,3.43236888893
1523501914,4.51066757007
1523501915,5.58294797475
1523501916,6.50394425322
1523501917,7.62596891451
1523501918,8.12223982317
1523501919,8.20300492847
1523501920,7.96560686808
1523501921,6.75539641371
1523501922,4.50517195483
1523501923,1.62318812903
1523501924,-0.360467441109
1523501925,-1.15649971885
