time,max_dev
1523501876,0.00637772450864
1523501877,0.0069242453886
1523501878,-0.0127094285131
1523501879,-0.0171056365781
1523501880,0.0101280569924
1523501881,0.0307334077292
1523501882,0.0252745564431
1523501883,0.0148969517406
1523501884,-0.0113583407276
1523501885,-0.0100808943529
1523501886,-0.0012928060919
1523501887,9.10251586149e-05
1523501888,0.0178814575731
1523501889,0.0200806213981
1523501890,0.0214290909327
1523501891,0.0223597526874
1523501892,0.0172415246085
1523501893,0.0103021564232
1523501894,-0.00291771053554
1523501895,0.00119006902586
1523501896,0.00609717950604
1523501897,0.00777977345096
1523501898,0.00553006495304
1523501899,0.00846574623516
1523501900,0.0134207009224
1523501901,0.0198010873433
1523501902,0.0206984950552
1523501903,0.04561240551
1523501904,0.150949708739
1523501905,0.350256490399
1523501906,0.400965295778
1523501907,0.405781781491
1523501908,0.500939706999
1523501909,0.641623848115
1523501910,1.12695390515
1523501911,1.77528800704
1523501912,2.61157742152
1523501913,3.4183097749
1523501914,4.49869992084
1523501915,5.57448051509
1523501916,6.49810392347
1523501917,7.62052761563
1523501918,8.11546117327
1523501919,8.19492108847
1523501920,7.95487449305
1523501921,6.740525367
1523501922,4.48600716793
1523501923,1.60538492678
1523501924,-0.363801623258
1523501925,-1.15027484014
