time,max_dev
1523501862,-8.3251444628e-05
1523501863,-0.00469493190773
1523501864,0.0168317619414
1523501865,0.0269598750645
1523501866,0.0152296896905
1523501867,0.00471291089047
1523501868,0.000310874815667
1523501869,0.00939696148687
1523501870,0.00886957050202
1523501871,0.00970518801378
1523501872,-0.000601163195348
1523501873,0.000688500610271
1523501874,0.0190464677989
1523501875,0.0298838159001
1523501876,0.022219306861
1523501877,0.0165717775821
1523501878,-0.0132042756035
1523501879,-0.0202916671157
1523501880,0.00797318088981
1523501881,0.0295766515556
1523501882,0.0251546323468
1523501883,0.0151058994203
1523501884,-0.0108443629949
1523501885,-0.00980251185257
1523501886,-0.00122189245917
1523501887,0.000121738697852
1523501888,0.0177526435823
1523501889,0.0199436098754
1523501890,0.0213246548495
1523501891,0.0222976279422
1523501892,0.0172126756213
1523501893,0.0102670458211
1523501894,-0.00293894935152
1523501895,0.00117277149356
1523501896,0.00607982065378
1523501897,0.00774808158896
1523501898,0.00549894016785
1523501899,0.00844060477042
1523501900,0.0134016263109
1523501901,0.0197886442192
1523501902,0.0206899552721
1523501903,0.0456029081368
1523501904,0.150969738197
1523501905,0.350333852723
1523501906,0.400940766464
1523501907,0.40576082157
1523501908,0.500927444971
1523501909,0.641613581265
1523501910,1.12693891849
1523501911,1.77525433107
1523501912,2.61152041052
1523501913,3.41821714004
1523501914,4.49854109459
1523501915,5.57429649162
1523501916,6.49794227594
1523501917,7.62041450451
1523501918,8.11528227413
1523501919,8.1946984141
1523501920,7.95446598798
1523501921,6.73930659642
1523501922,4.48423297978
1523501923,1.60353835865
1523501924,-0.364311371979
1523501925,-1.1498755609
