time,max_dev
1523501850,0.00496541969238
1523501851,0.0016531064327
1523501852,-0.00271908306194
1523501853,-0.00690259221863
1523501854,-0.00245701470775
1523501855,0.00994911852495
1523501856,0.0220397459739
1523501857,0.0326660565453
1523501858,0.0288222782736
1523501859,0.0203708281398
1523501860,0.00988224841296
1523501861,-0.00476099357961
1523501862,-0.0110204721222
1523501863,-0.00369182303984
1523501864,0.0186225472469
1523501865,0.0281297584571
1523501866,0.0159232865897
1523501867,0.00512009193739
1523501868,0.000741473544534
1523501869,0.00959349320227
1523501870,0.00883817010614
1523501871,0.00967689713262
1523501872,-0.00072859668167
1523501873,0.000546380528943
1523501874,0.0189275016112
1523501875,0.0297914104451
1523501876,0.0221226984651
1523501877,0.0164945061422
1523501878,-0.0132704545217
1523501879,-0.0203508650249
1523501880,0.00791670814827
1523501881,0.0295066562607
1523501882,0.0250976457669
1523501883,0.0150295756637
1523501884,-0.0109155305038
1523501885,-0.00986397840284
1523501886,-0.0012780261141
1523501887,5.43052454203e-05
1523501888,0.0176924178178
1523501889,0.0198883223895
1523501890,0.0212727315691
1523501891,0.0222491564436
1523501892,0.0171682748053
1523501893,0.0102169747724
1523501894,-0.00298445015036
1523501895,0.00113350657381
1523501896,0.00604535139081
1523501897,0.00770801020326
1523501898,0.00546325108032
1523501899,0.00840963657867
1523501900,0.0133733320938
1523501901,0.0197617179186
1523501902,0.0206630889915
1523501903,0.045575106284
1523501904,0.150923542917
1523501905,0.350248478758
1523501906,0.401002756991
1523501907,0.405859879855
1523501908,0.50107315245
1523501909,0.641682940864
1523501910,1.12698575428
1523501911,1.77529052479
1523501912,2.61154639108
1523501913,3.41821703564
1523501914,4.49849617096
1523501915,5.57423729477
1523501916,6.49792684657
1523501917,7.62047782533
1523501918,8.11533360785
1523501919,8.1947243405
1523501920,7.95436281936
1523501921,6.73849920537
1523501922,4.51395619853
1523501923,1.60226402078
1523501924,-0.36464587926
1523501925,-1.14956483095
