time,max_dev
1523501863,0.000135521118445
1523501864,0.0165445717872
1523501865,0.0260095598643
1523501866,0.0145330666809
1523501867,0.00454589768669
1523501868,0.000229603626159
1523501869,0.00941646170569
1523501870,0.00885442408338
1523501871,0.00968818167087
1523501872,-0.000664083510809
1523501873,0.000616368139872
1523501874,0.0189796576614
1523501875,0.0298233043617
1523501876,0.0221544152594
1523501877,0.0165124255538
1523501878,-0.0132581734437
1523501879,-0.0203384493603
1523501880,0.00792932601538
1523501881,0.0295258771003
1523501882,0.0251106903414
1523501883,0.0150521633793
1523501884,-0.0108956868992
1523501885,-0.00984894931063
1523501886,-0.00126512548692
1523501887,7.24479447961e-05
1523501888,0.0177081669763
1523501889,0.0199020279236
1523501890,0.0212842754739
1523501891,0.0222588337967
1523501892,0.0171759341932
1523501893,0.0102279848324
1523501894,-0.0029748802279
1523501895,0.0011410785439
1523501896,0.00605185819359
1523501897,0.0077174501449
1523501898,0.0054720884372
1523501899,0.00841711760609
1523501900,0.0133789999132
1523501901,0.0197663729834
1523501902,0.0206666414487
1523501903,0.0455789037689
1523501904,0.150922263138
1523501905,0.35023597322
1523501906,0.400926882018
1523501907,0.405746442781
1523501908,0.500925186927
1523501909,0.641621782238
1523501910,1.12697675025
1523501911,1.7753406989
1523501912,2.61165576784
1523501913,3.41841284848
1523501914,4.49882396888
1523501915,5.5746272649
1523501916,6.49826326278
1523501917,7.62070166581
1523501918,8.11573707105
1523501919,8.19524943485
1523501920,7.95533935838
1523501921,6.74133602874
1523501922,4.48713062218
1523501923,1.60655468958
1523501924,-0.363492188525
1523501925,-1.15055575906
