time,max_dev
1523501895,0.016393398175
1523501896,0.0116132858914
1523501897,0.00505600415976
1523501898,-0.00177766233821
1523501899,0.00411376017089
1523501900,0.0126417208262
1523501901,0.0210478621592
1523501902,0.0226036091893
1523501903,0.0470347446389
1523501904,0.153629404326
1523501905,0.353402283845
1523501906,0.400663911441
1523501907,0.404645911892
1523501908,0.498267394533
1523501909,0.635551809681
1523501910,1.11860494743
1523501911,1.76553692208
1523501912,2.60231166321
1523501913,3.41028090372
1523501914,4.4921673949
1523501915,5.569752139
1523501916,6.49494595027
1523501917,7.61854837559
1523501918,8.11191796966
1523501919,8.19062426429
1523501920,7.94906873952
1523501921,6.73212561403
1523501922,4.47520659701
1523501923,1.59517537806
1523501924,-0.366065552124
1523501925,-1.1471522013
