time,max_dev
1523501873,0.0182991360016
1523501874,0.0257485930575
1523501875,0.0275938931738
1523501876,0.0182359043611
1523501877,0.0112353725273
1523501878,-0.0170480645883
1523501879,-0.0203252094297
1523501880,0.00874354204235
1523501881,0.030486904633
1523501882,0.0259419459811
1523501883,0.0157260619449
1523501884,-0.0105895722864
1523501885,-0.00994081564013
1523501886,-0.00137231398925
1523501887,-2.25472769724e-05
1523501888,0.0173718622034
1523501889,0.0199209551482
1523501890,0.0213260619442
1523501891,0.0223045425712
1523501892,0.01721427271
1523501893,0.0102677379531
1523501894,-0.00294695167868
1523501895,0.00115642886999
1523501896,0.00606452375198
1523501897,0.00773540446106
1523501898,0.00548905245985
1523501899,0.00843208044127
1523501900,0.0133922433279
1523501901,0.0197778534578
1523501902,0.0206777991888
1523501903,0.0455899850546
1523501904,0.150931494388
1523501905,0.350242356966
1523501906,0.400925372283
1523501907,0.405734955087
1523501908,0.500904736881
1523501909,0.64156625755
1523501910,1.12688998555
1523501911,1.77522375357
1523501912,2.61152387801
1523501913,3.41827631218
1523501914,4.4986907575
1523501915,5.57448544801
1523501916,6.49808725236
1523501917,7.62045859118
1523501918,8.11537261804
1523501919,8.1948374797
1523501920,7.95489155985
1523501921,6.74096205605
1523501922,4.48669080708
1523501923,1.6061036607
1523501924,-0.363614967531
1523501925,-1.15044317095
