time,max_dev
1523501858,0.0140465147817
1523501859,0.0166758014449
1523501860,0.0167712285408
1523501861,0.00286746098858
1523501862,-0.00513369592826
1523501863,-0.00432212567302
1523501864,0.0171654754671
1523501865,0.0263844672303
1523501866,0.0143386968622
1523501867,0.00420379184845
1523501868,0.00042816842728
1523501869,0.00978863817978
1523501870,0.00907832847264
1523501871,0.00990488127878
1523501872,-0.000583100244004
1523501873,0.000564594725989
1523501874,0.0189063551427
1523501875,0.0297607330294
1523501876,0.0220999060993
1523501877,0.0164834668534
1523501878,-0.0132691947203
1523501879,-0.0203416607815
1523501880,0.00792411329128
1523501881,0.0295170020815
1523501882,0.0251014303595
1523501883,0.015039363219
1523501884,-0.0109083761019
1523501885,-0.00985971836628
1523501886,-0.00127499388756
1523501887,6.06153083716e-05
1523501888,0.0176966452901
1523501889,0.0198910319177
1523501890,0.0212747640795
1523501891,0.0222501586902
1523501892,0.0171671153751
1523501893,0.0102182111669
1523501894,-0.00298541709209
1523501895,0.00112996473732
1523501896,0.00603995360674
1523501897,0.00770436578279
1523501898,0.00545676810562
1523501899,0.00840164404468
1523501900,0.0133651718827
1523501901,0.0197533859782
1523501902,0.0206552806083
1523501903,0.0455678521765
1523501904,0.150902709848
1523501905,0.350179239145
1523501906,0.400848348134
1523501907,0.405626167533
1523501908,0.500741136942
1523501909,0.647096157131
1523501910,1.13043833559
1523501911,1.77322002883
1523501912,2.60448827398
1523501913,3.40741972165
1523501914,4.48483296559
1523501915,5.55976177891
1523501916,6.48429146766
1523501917,7.60502531198
1523501918,8.0923586596
1523501919,8.1675260621
1523501920,7.92107606602
1523501921,6.69356311657
1523501922,4.4249852488
1523501923,1.54491373302
1523501924,-0.384753483883
1523501925,-1.14688558379
