time,max_dev
1523501867,-1.01973046064e-05
1523501868,-0.00443599048683
1523501869,0.011879813518
1523501870,0.0114067842747
1523501871,0.0121213153834
1523501872,0.000404389233192
1523501873,0.000583300565885
1523501874,0.0187688670508
1523501875,0.0296319229881
1523501876,0.0220234079832
1523501877,0.0164698814141
1523501878,-0.0132160188294
1523501879,-0.020228420149
1523501880,0.00802697328644
1523501881,0.0296371812715
1523501882,0.0251830171509
1523501883,0.0151505567121
1523501884,-0.0107273239875
1523501885,-0.00978570711522
1523501886,-0.00120685765417
1523501887,0.000151852107049
1523501888,0.0177798288082
1523501889,0.0172409155503
1523501890,0.021342044669
1523501891,0.0223089730396
1523501892,0.0172196540856
1523501893,0.0102821720718
1523501894,-0.00292737147729
1523501895,0.00117898288696
1523501896,0.00608360986462
1523501897,0.00776062386603
1523501898,0.00551105212603
1523501899,0.00844881852807
1523501900,0.0134068945444
1523501901,0.0197896156347
1523501902,0.0206884262351
1523501903,0.0456015471273
1523501904,0.150942223986
1523501905,0.350251624317
1523501906,0.400919352629
1523501907,0.405705347161
1523501908,0.500813714329
1523501909,0.64156034819
1523501910,1.12689807355
1523501911,1.77522205502
1523501912,2.61149934216
1523501913,3.41821810537
1523501914,4.498588416
1523501915,5.57436154057
1523501916,6.49798602864
1523501917,7.62040768891
1523501918,8.11528370644
1523501919,8.19471521792
1523501920,7.95459533415
1523501921,6.74008252178
1523501922,4.48541640756
1523501923,1.60477585801
1523501924,-0.363974187884
1523501925,-1.15014307781
