time,max_dev
1523501851,0.000101915200724
1523501852,-0.00322837040252
1523501853,-0.00663403556923
1523501854,-0.0022493570024
1523501855,0.0100845794235
1523501856,0.0220771976307
1523501857,0.032624519714
1523501858,0.0287565123866
1523501859,0.0203098390541
1523501860,0.00984861562543
1523501861,-0.00477164215338
1523501862,-0.0110219191009
1523501863,-0.00368383046943
1523501864,0.0186307265389
1523501865,0.0281352279908
1523501866,0.015924802905
1523501867,0.00512112250836
1523501868,0.000740858935762
1523501869,0.00959142114745
1523501870,0.00883777204371
1523501871,0.00967467576682
1523501872,-0.000727559809343
1523501873,0.000546284361441
1523501874,0.0189275520767
1523501875,0.0297905414137
1523501876,0.0221233133632
1523501877,0.0164942947989
1523501878,-0.0132713822264
1523501879,-0.0203519758507
1523501880,0.00791542698166
1523501881,0.0295061913977
1523501882,0.0250960424065
1523501883,0.0150289774516
1523501884,-0.010916936594
1523501885,-0.00986540381431
1523501886,-0.00127947146214
1523501887,5.40011940295e-05
1523501888,0.0176917964495
1523501889,0.0198873619953
1523501890,0.0212714368679
1523501891,0.0222473646913
1523501892,0.0171661470557
1523501893,0.0102156541947
1523501894,-0.0029857944352
1523501895,0.00113230826431
1523501896,0.00604462133136
1523501897,0.00770757461974
1523501898,0.00546331304794
1523501899,0.00840963657867
1523501900,0.0133725187497
1523501901,0.0197609062806
1523501902,0.0206622769898
1523501903,0.0455734910512
1523501904,0.150917520768
1523501905,0.350232033831
1523501906,0.400919013033
1523501907,0.405736936
1523501908,0.500914200074
1523501909,0.641583425793
1523501910,1.12690548112
1523501911,1.77522644789
1523501912,2.61150407211
1523501913,3.41821859936
1523501914,4.49856356775
1523501915,5.57433320776
1523501916,6.4979736659
1523501917,7.62042480932
1523501918,8.11530264698
1523501919,8.19473041509
1523501920,7.95455810007
1523501921,6.73975890418
1523501922,4.48491244152
1523501923,1.60424593548
1523501924,-0.364117486837
1523501925,-1.15002349824
