time,max_dev
1523501884,6.56844875706e-05
1523501885,-0.011671711867
1523501886,-0.00838734799654
1523501887,-0.00705503234642
1523501888,0.0143591719259
1523501889,0.0198033228003
1523501890,0.0228642423116
1523501891,0.0241776160779
1523501892,0.0186307455801
1523501893,0.0114175734811
1523501894,-0.00245185651217
1523501895,0.00104266387046
1523501896,0.00594636670128
1523501897,0.00765923749074
1523501898,0.00548572905905
1523501899,0.00852266704508
1523501900,0.0135050395069
1523501901,0.0198827930343
1523501902,0.0207671161748
1523501903,0.0456680023008
1523501904,0.151000690349
1523501905,0.350295357445
1523501906,0.400999807956
1523501907,0.405795754912
1523501908,0.500895682152
1523501909,0.641573893972
1523501910,1.12687245045
1523501911,1.7751719415
1523501912,2.61144095175
1523501913,3.418154386
1523501914,4.49853024443
1523501915,5.57430253822
1523501916,6.49793964973
1523501917,7.62038025101
1523501918,8.11521373856
1523501919,8.19461792665
1523501920,7.95441945062
1523501921,6.73961484238
1523501922,4.48474452905
1523501923,1.60407501064
1523501924,-0.364149129913
1523501925,-1.1499582439
