time,max_dev
1523501874,0.0222007171272
1523501875,0.0272452403555
1523501876,0.0181958612243
1523501877,0.0115469464074
1523501878,-0.0167365550557
1523501879,-0.0202187479422
1523501880,0.00878534524575
1523501881,0.0305216245185
1523501882,0.0259516086021
1523501883,0.0157589137028
1523501884,-0.010555503706
1523501885,-0.00989911839512
1523501886,-0.00133144426663
1523501887,3.18956794473e-05
1523501888,0.0177316651758
1523501889,0.0199633236672
1523501890,0.021363079665
1523501891,0.0223363278997
1523501892,0.0172420085858
1523501893,0.0103019763445
1523501894,-0.00291645690149
1523501895,0.0011811749895
1523501896,0.00608532949238
1523501897,0.00776383231987
1523501898,0.00551420705237
1523501899,0.00845279899337
1523501900,0.0134102746859
1523501901,0.019792887289
1523501902,0.0206914148799
1523501903,0.0456049321605
1523501904,0.150944219454
1523501905,0.350252551849
1523501906,0.400940776107
1523501907,0.40574434051
1523501908,0.500881523316
1523501909,0.641578455779
1523501910,1.12689803067
1523501911,1.77521101658
1523501912,2.61148024362
1523501913,3.41818798643
1523501914,4.49853851071
1523501915,5.57430283446
1523501916,6.49793439909
1523501917,7.62036948228
1523501918,8.11521447721
1523501919,8.19462745681
1523501920,7.95443738926
1523501921,6.73965300318
1523501922,4.48479228738
1523501923,1.60412246346
1523501924,-0.36414831238
1523501925,-1.14998926958
