time,max_dev
1523501897,6.11746153626e-05
1523501898,-0.00574264252049
1523501899,0.0117616702192
1523501900,0.0200549312748
1523501901,0.0250832797831
1523501902,0.0228249628998
1523501903,0.0442455037231
1523501904,0.145761199838
1523501905,0.341923434901
1523501906,0.400768590446
1523501907,0.406058367662
1523501908,0.502591819905
1523501909,0.647196647957
1523501910,1.13547718527
1523501911,1.78576056202
1523501912,2.62183452902
1523501913,3.42747338528
1523501914,4.50692740335
1523501915,5.58051484524
1523501916,6.50265927599
1523501917,7.62565423114
1523501918,8.12127665417
1523501919,8.20169807798
1523501920,7.96359711726
1523501921,6.75222924575
1523501922,4.50072945162
1523501923,1.61922170347
1523501924,-0.361083241272
1523501925,-1.1549255233
