time,max_dev
1523501901,0.0175658513734
1523501902,0.0214298079309
1523501903,0.0454653493688
1523501904,0.149948507803
1523501905,0.348240800318
1523501906,0.401117873752
1523501907,0.406083258227
1523501908,0.501722615741
1523501909,0.640200303036
1523501910,1.12466827638
1523501911,1.77274433893
1523501912,2.60937149331
1523501913,3.4165869237
1523501914,4.49746496606
1523501915,5.57374307404
1523501916,6.49783040191
1523501917,7.62069969627
1523501918,8.1154381758
1523501919,8.19475554362
1523501920,7.95430204196
1523501921,6.73855844791
1523501922,4.48305779826
1523501923,1.60231498342
1523501924,-0.364572269629
1523501925,-1.14945827894
