time,max_dev
1523501859,0.00485352720759
1523501860,0.0164009899066
1523501861,0.00692673044698
1523501862,-0.000119403339891
1523501863,-0.00302861851771
1523501864,0.0174819987142
1523501865,0.0256934264603
1523501866,0.0134841702222
1523501867,0.00335327268528
1523501868,-0.000135630882718
1523501869,0.00969327999831
1523501870,0.00917490300013
1523501871,0.0100121997599
1523501872,-0.000486540786505
1523501873,0.000596298306221
1523501874,0.0188983343792
1523501875,0.0297324196222
1523501876,0.0220639018307
1523501877,0.0164497389567
1523501878,-0.0132934269455
1523501879,-0.0203511371302
1523501880,0.007917925437
1523501881,0.0295071854171
1523501882,0.0250958617766
1523501883,0.0150262722112
1523501884,-0.010920850361
1523501885,-0.00986975743849
1523501886,-0.00128393528185
1523501887,4.80709235186e-05
1523501888,0.0176863464712
1523501889,0.0198829174564
1523501890,0.021267498018
1523501891,0.0222439251962
1523501892,0.0171623930403
1523501893,0.0102115910759
1523501894,-0.00299078317645
1523501895,0.00112660087129
1523501896,0.0060380401106
1523501897,0.00769990421223
1523501898,0.00545386685921
1523501899,0.00840000535087
1523501900,0.0133640392637
1523501901,0.0197530381333
1523501902,0.0206555036594
1523501903,0.0455670996758
1523501904,0.150903753392
1523501905,0.350193723807
1523501906,0.400954955289
1523501907,0.405806761388
1523501908,0.501052059498
1523501909,0.641594531759
1523501910,1.12687884756
1523501911,1.77518713914
1523501912,2.61146866827
1523501913,3.41819119606
1523501914,4.49854593602
1523501915,5.57431770403
1523501916,6.4979351295
1523501917,7.62033788989
1523501918,8.11516540265
1523501919,8.41822087168
1523501920,7.96539058886
1523501921,6.75088914168
1523501922,4.98844748915
1523501923,1.61843435875
1523501924,-0.362221150359
1523501925,-1.15554779311
