time,max_dev
1523501892,0.00861381922496
1523501893,0.00786336939232
1523501894,0.00126972267338
1523501895,0.0057245920545
1523501896,0.00721917708516
1523501897,0.00874063239703
1523501898,0.00492229081879
1523501899,0.00741523308432
1523501900,0.0128202781968
1523501901,0.0196670857864
1523501902,0.0209171730971
1523501903,0.0459741802212
1523501904,0.151665406903
1523501905,0.351274654594
1523501906,0.407253688266
1523501907,0.484022756303
1523501908,0.551860690918
1523501909,0.647800572953
1523501910,1.12916956153
1523501911,1.77433166018
1523501912,2.60793549908
1523501913,3.41232571599
1523501914,4.49049045955
1523501915,5.56476972755
1523501916,6.487024356
1523501917,7.60708636371
1523501918,8.09602791222
1523501919,8.17223696156
1523501920,7.92858831881
1523501921,6.70713497635
1523501922,4.44419499734
1523501923,1.56537565346
1523501924,-0.375663059672
1523501925,-1.14373192018
