time,max_dev
1523501879,5.71803834811e-05
1523501880,0.00808788438617
1523501881,0.0276592848522
1523501882,0.0234790718154
1523501883,0.0138554464167
1523501884,-0.0116593325149
1523501885,-0.010159426606
1523501886,-0.00145178506179
1523501887,-9.0129312324e-05
1523501888,0.0177724590907
1523501889,0.0200149796176
1523501890,0.0213835584943
1523501891,0.0223218215069
1523501892,0.0172046289057
1523501893,0.0102501919854
1523501894,-0.0029683401053
1523501895,0.00114598282652
1523501896,0.00606012622187
1523501897,0.0077305352732
1523501898,0.00548654548241
1523501899,0.00843078860431
1523501900,0.0114441937087
1523501901,0.016249978151
1523501902,0.0177468839339
1523501903,0.0438715482616
1523501904,0.145907554735
1523501905,0.346509357333
1523501906,0.400880326758
1523501907,0.40564366665
1523501908,0.500705791546
1523501909,0.64153213095
1523501910,1.12688985519
1523501911,1.77520567982
1523501912,2.61146215205
1523501913,3.41815155087
1523501914,4.49848145967
1523501915,5.57423224981
1523501916,6.50223553054
1523501917,7.62028439906
1523501918,8.11511013382
1523501919,8.19451441916
1523501920,7.95429006887
1523501921,6.73930654335
1523501922,4.48429625739
1523501923,1.60361992639
1523501924,-0.364303629485
1523501925,-1.1499203153
