time,max_dev
1523501840,0.0119395507323
1523501841,0.0094278718411
1523501842,0.00513345085915
1523501843,0.00958064888418
1523501844,0.00640197913385
1523501845,-0.00148743457791
1523501846,-0.00347518432361
1523501847,-0.00288749371106
1523501848,0.00367585478861
1523501849,0.00984968070276
1523501850,0.00910932896033
1523501851,0.00508583712601
1523501852,-0.000402698812731
1523501853,-0.00570268742171
1523501854,-0.00293516130762
1523501855,0.00927913950922
1523501856,0.0213863759211
1523501857,0.0322318974603
1523501858,0.0286414253297
1523501859,0.0202737391526
1523501860,0.00994336679467
1523501861,-0.00469495352706
1523501862,-0.0109732548082
1523501863,-0.00371452555954
1523501864,0.0185832291333
1523501865,0.0280820390192
1523501866,0.0158789294761
1523501867,0.00507760907025
1523501868,0.000706397922913
1523501869,0.00956813826552
1523501870,0.00881378054901
1523501871,0.00965523738295
1523501872,-0.000754417402011
1523501873,0.00051840262904
1523501874,0.018900047321
1523501875,0.0297643675182
1523501876,0.0220954272517
1523501877,0.0164689321599
1523501878,-0.0132945972252
1523501879,-0.020376123845
1523501880,0.00789225374525
1523501881,0.0294808655738
1523501882,0.0251476054113
1523501883,0.0150046672728
1523501884,-0.0109391341907
1523501885,-0.00988567345339
1523501886,-0.00130031191135
1523501887,3.10273753563e-05
1523501888,0.0176689474353
1523501889,0.0198657103947
1523501890,0.0212506291969
1523501891,0.0222275692292
1523501892,0.0171463769287
1523501893,0.0101951120383
1523501894,-0.00300739327483
1523501895,0.00110989071629
1523501896,0.00602063240961
1523501897,0.00768295782945
1523501898,0.00543620570087
1523501899,0.00838112525715
1523501900,0.0133460492422
1523501901,0.0197357032665
1523501902,0.0206381870765
1523501903,0.0455488838693
1523501904,0.150865112297
1523501905,0.350102728909
1523501906,0.400808996502
1523501907,0.405547852157
1523501908,0.500586377287
1523501909,0.641449319375
1523501910,1.12682682521
1523501911,1.77516896075
1523501912,2.61145633437
1523501913,3.42200603145
1523501914,4.49851147034
1523501915,5.57429991737
1523501916,6.49797778004
1523501917,7.62046355244
1523501918,8.11536525283
1523501919,8.19480201176
1523501920,7.9546655517
1523501921,6.74010225938
1523501922,4.48548014336
1523501923,1.60483866449
1523501924,-0.36397140286
1523501925,-1.15015728652
