time,max_dev
1523501836,0.000130384104911
1523501837,0.00605553816685
1523501838,0.00580437860152
1523501839,0.0109810835484
1523501840,0.0140807239793
1523501841,0.00904266237289
1523501842,0.00427826602538
1523501843,0.00896207978005
1523501844,0.00598517340042
1523501845,-0.00138943448751
1523501846,-0.00312313046947
1523501847,-0.00256747187814
1523501848,0.00380780294038
1523501849,0.0098597526527
1523501850,0.0090589058639
1523501851,0.00501868356744
1523501852,-0.000458627940097
1523501853,-0.00573578221713
1523501854,-0.00293980295809
1523501855,0.0092725538598
1523501856,0.0213832048944
1523501857,0.03222972034
1523501858,0.028639567848
1523501859,0.0202660881545
1523501860,0.00994328974774
1523501861,-0.00469597200539
1523501862,-0.010973439799
1523501863,-0.00371554693858
1523501864,0.0185785463463
1523501865,0.0280802622894
1523501866,0.0158844104525
1523501867,0.00507926007963
1523501868,0.000709343283965
1523501869,0.009571627477
1523501870,0.0088137758954
1523501871,0.00965941534207
1523501872,-0.000757550763754
1523501873,0.000519511616834
1523501874,0.0189026513386
1523501875,0.0297685132018
1523501876,0.0220962700091
1523501877,0.0164703205785
1523501878,-0.0132924342654
1523501879,-0.0203690220039
1523501880,0.00790066685962
1523501881,0.0294859978493
1523501882,0.0250817291048
1523501883,0.0150074256556
1523501884,-0.0109365516418
1523501885,-0.00988155343831
1523501886,-0.00129383625983
1523501887,3.42353168476e-05
1523501888,0.0176750726098
1523501889,0.019873010042
1523501890,0.0212579394907
1523501891,0.0222355664737
1523501892,0.0171557063483
1523501893,0.0102026753467
1523501894,-0.00299685309415
1523501895,0.00112322429308
1523501896,0.00603678072942
1523501897,0.00769710146019
1523501898,0.00545395361388
1523501899,0.00840186721917
1523501900,0.0133660387674
1523501901,0.0197554387809
1523501902,0.0206571033225
1523501903,0.0455678220765
1523501904,0.150913585706
1523501905,0.350228892882
1523501906,0.400909145882
1523501907,0.405722555525
1523501908,0.500897730008
1523501909,0.641558441654
1523501910,1.12687656071
1523501911,1.77519656752
1523501912,2.6114789304
1523501913,3.41820069565
1523501914,4.49855812887
1523501915,5.57433404179
1523501916,6.49796510969
1523501917,7.62039143061
1523501918,8.11525430152
1523501919,8.19468113212
1523501920,7.954535419
1523501921,6.73996827272
1523501922,4.48524840024
1523501923,1.60459638599
1523501924,-0.364021038546
1523501925,-1.15009494927
