time,max_dev
1523501875,0.022493430715
1523501876,0.0161701433038
1523501877,0.0120431240771
1523501878,-0.0155075318243
1523501879,-0.0199221625111
1523501880,0.00877126179622
1523501881,0.0304024483779
1523501882,0.0257585504833
1523501883,0.0155822411132
1523501884,-0.0106869278222
1523501885,-0.00993341753862
1523501886,-0.00134482667649
1523501887,2.44263073194e-05
1523501888,0.0177225592397
1523501889,0.0199464026958
1523501890,0.0213406150956
1523501891,0.0223070754623
1523501892,0.0172089857958
1523501893,0.0102720064056
1523501894,-0.00294944899729
1523501895,0.00114675901702
1523501896,0.00604992256287
1523501897,0.00773113827097
1523501898,0.00547828636087
1523501899,0.00841976760809
1523501900,0.0133769429321
1523501901,0.0197571026986
1523501902,0.0206574512662
1523501903,0.0455746490889
1523501904,0.150875399826
1523501905,0.350052716398
1523501906,0.400975539
1523501907,0.40579597698
1523501908,0.500955218025
1523501909,0.641631005655
1523501910,1.12694973771
1523501911,1.77526602696
1523501912,2.61153635619
1523501913,3.41824327371
1523501914,4.49859415583
1523501915,5.57435593541
1523501916,6.49799357846
1523501917,7.62044967045
1523501918,8.11533021366
1523501919,8.19475508002
1523501920,7.95457135605
1523501921,6.7396594256
1523501922,4.48475318906
1523501923,1.60407907702
1523501924,-0.364155544546
1523501925,-1.14997933165
