time,max_dev
1523501864,0.0153086226858
1523501865,0.0254847408739
1523501866,0.013915405448
1523501867,0.00460982344017
1523501868,0.000212563742233
1523501869,0.00950124274516
1523501870,0.00889749107337
1523501871,0.0097319708816
1523501872,-0.000708882027368
1523501873,0.000562807163008
1523501874,0.0189546509459
1523501875,0.0298183568527
1523501876,0.0221518633786
1523501877,0.0165189789897
1523501878,-0.013249625565
1523501879,-0.020333138789
1523501880,0.00793378339251
1523501881,0.0295265503751
1523501882,0.0251149574533
1523501883,0.0150506172199
1523501884,-0.0108960798879
1523501885,-0.00984546425157
1523501886,-0.00126059832238
1523501887,7.35329625124e-05
1523501888,0.0177106947171
1523501889,0.0199059006442
1523501890,0.021289305629
1523501891,0.0222645447116
1523501892,0.0171831358632
1523501893,0.0102330943845
1523501894,-0.00296906715409
1523501895,0.00114794386657
1523501896,0.00605975642176
1523501897,0.00772305258418
1523501898,0.00547806831231
1523501899,0.00842425177666
1523501900,0.0133872880704
1523501901,0.0197752758995
1523501902,0.020676360729
1523501903,0.045588408057
1523501904,0.150950548093
1523501905,0.350305542687
1523501906,0.400906990077
1523501907,0.405711040863
1523501908,0.500862885833
1523501909,0.641557761024
1523501910,1.12688248616
1523501911,1.77519913148
1523501912,2.61147145532
1523501913,3.41818149299
1523501914,4.49852468001
1523501915,5.57429144711
1523501916,6.49792613784
1523501917,7.62036422671
1523501918,8.11521315809
1523501919,8.19462930893
1523501920,7.95444028627
1523501921,6.73965415014
1523501922,4.48479048573
1523501923,1.60412177258
1523501924,-0.364153712777
1523501925,-1.14999770927
