time,max_dev
1523501885,5.12445755178e-05
1523501886,-0.00894675258669
1523501887,-0.00758806441393
1523501888,0.0145414431014
1523501889,0.0203111460491
1523501890,0.0231121085123
1523501891,0.0241005950965
1523501892,0.0184060805365
1523501893,0.0111782315918
1523501894,-0.00265583220529
1523501895,0.00098596420169
1523501896,0.00593223339137
1523501897,0.00763951632214
1523501898,0.00547957567461
1523501899,0.00851547747106
1523501900,0.0134922653594
1523501901,0.0198668885948
1523501902,0.0207491176701
1523501903,0.0456477120327
1523501904,0.150976794029
1523501905,0.35027136569
1523501906,0.400981421557
1523501907,0.405780116193
1523501908,0.500893304121
1523501909,0.64158520811
1523501910,1.12689468615
1523501911,1.77520139637
1523501912,2.61146938709
1523501913,3.41817922116
1523501914,4.49854518632
1523501915,5.57431200296
1523501916,6.49794457919
1523501917,7.62038175163
1523501918,8.11522165787
1523501919,8.1946304661
1523501920,7.95443694399
1523501921,6.73964268145
1523501922,4.48477937298
1523501923,1.60410825681
1523501924,-0.364145104147
1523501925,-1.14997315698
