time,max_dev
1523501896,0.000113449975752
1523501897,0.00157420652101
1523501898,-0.000422428215072
1523501899,0.00661510805628
1523501900,0.0141764558327
1523501901,0.0214512287241
1523501902,0.022275868296
1523501903,0.0463399675919
1523501904,0.151842178623
1523501905,0.351159457538
1523501906,0.400828141751
1523501907,0.405234118286
1523501908,0.502080833841
1523501909,0.653553429674
1523501910,1.14248289698
1523501911,1.79156599688
1523501912,2.62466051507
1523501913,3.42645996099
1523501914,4.50111984719
1523501915,5.57081155411
1523501916,6.48873311165
1523501917,7.60468127224
1523501918,8.09299774854
1523501919,8.16900640419
1523501920,7.92512704502
1523501921,6.70285453832
1523501922,4.43666452507
1523501923,1.55487976764
1523501924,-0.381732930914
1523501925,-1.1473438413
