time,max_dev
1523501844,0.000110700631355
1523501845,-0.00254026164994
1523501846,-0.00144744576089
1523501847,-0.000893876280854
1523501848,0.0045550793907
1523501849,0.00992660943106
1523501850,0.00872975696731
1523501851,0.00463153351099
1523501852,-0.000834254072373
1523501853,-0.00596669185208
1523501854,-0.00290812459815
1523501855,0.00934643836249
1523501856,0.0214723376999
1523501857,0.0323011065319
1523501858,0.0286837060272
1523501859,0.0203052439835
1523501860,0.00995245077239
1523501861,-0.00469022365075
1523501862,-0.0109678756116
1523501863,-0.00370208910699
1523501864,0.0185983243196
1523501865,0.0280992500262
1523501866,0.0158972676184
1523501867,0.00509564731436
1523501868,0.000723606968527
1523501869,0.00958269811875
1523501870,0.00882670648092
1523501871,0.0096679769158
1523501872,-0.000742135591534
1523501873,0.000532323145189
1523501874,0.0189149353519
1523501875,0.0297791174581
1523501876,0.0221095509494
1523501877,0.0164818993303
1523501878,-0.0132819854944
1523501879,-0.0203609083501
1523501880,0.00790780313809
1523501881,0.0294962613168
1523501882,0.0250887193387
1523501883,0.0150184437469
1523501884,-0.0109269848549
1523501885,-0.00987372051432
1523501886,-0.00128706270662
1523501887,4.41189802333e-05
1523501888,0.0176831915818
1523501889,0.0198797780685
1523501890,0.0212648535066
1523501891,0.0222414646734
1523501892,0.0171606004641
1523501893,0.0102091640387
1523501894,-0.00299157213309
1523501895,0.00112760849816
1523501896,0.00604070198447
1523501897,0.00770218939757
1523501898,0.0054586341055
1523501899,0.00840589528463
1523501900,0.0133694204836
1523501901,0.0197581729292
1523501902,0.0206598262213
1523501903,0.0455706563605
1523501904,0.150915276328
1523501905,0.350230978884
1523501906,0.400915577663
1523501907,0.405713804281
1523501908,0.500847412675
1523501909,0.641525468999
1523501910,1.12682178115
1523501911,1.77510097098
1523501912,2.61134296545
1523501913,3.41801808692
1523501914,4.49832205557
1523501915,5.5740610263
1523501916,6.49768900888
1523501917,7.62011123956
1523501918,8.11481067355
1523501919,8.1941524984
1523501920,7.95378195235
1523501921,6.73848176169
1523501922,4.49015269466
1523501923,1.60244490984
1523501924,-0.36461291199
1523501925,-1.14961562925
