time,max_dev
1523501846,7.25642226952e-05
1523501847,-0.00105410285333
1523501848,0.00532993295364
1523501849,0.0108575548141
1523501850,0.00912530522256
1523501851,0.00474493179379
1523501852,-0.00116747045332
1523501853,-0.00642433568828
1523501854,-0.00316166862048
1523501855,0.00916908880317
1523501856,0.0221280279897
1523501857,0.0322990623958
1523501858,0.0286922841237
1523501859,0.0202985565727
1523501860,0.00993227563627
1523501861,-0.00472839905254
1523501862,-0.011010295477
1523501863,-0.0037469807529
1523501864,0.0185475790526
1523501865,0.0280581793002
1523501866,0.0158709226357
1523501867,0.00506555876146
1523501868,0.000695943802817
1523501869,0.00955465022647
1523501870,0.00878932047183
1523501871,0.0096388544519
1523501872,-0.000782973270245
1523501873,0.00050013404513
1523501874,0.0188874039216
1523501875,0.029753242415
1523501876,0.022078847181
1523501877,0.0164506953751
1523501878,-0.0133223009432
1523501879,-0.020379239144
1523501880,0.0078920935092
1523501881,0.0294750939762
1523501882,0.0250708643233
1523501883,0.0149926556322
1523501884,-0.0109543951951
1523501885,-0.00989834773705
1523501886,-0.00130631338157
1523501887,1.96191062484e-05
1523501888,0.0176663326307
1523501889,0.0198642926183
1523501890,0.0212487322839
1523501891,0.0222263971534
1523501892,0.0171481950349
1523501893,0.0101953543394
1523501894,-0.00300058783286
1523501895,0.0011267384619
1523501896,0.00604735914972
1523501897,0.00770749225346
1523501898,0.00547387349189
1523501899,0.00842816864504
1523501900,0.0133896596022
1523501901,0.0197760297626
1523501902,0.0206752386904
1523501903,0.0455848172047
1523501904,0.150956866049
1523501905,0.35033965933
1523501906,0.400874853812
1523501907,0.405664758884
1523501908,0.500796758785
1523501909,0.641501875675
1523501910,1.12681836561
1523501911,1.77511816624
1523501912,2.61137749471
1523501913,3.41806860618
1523501914,4.49838024183
1523501915,5.57413656718
1523501916,6.4977789422
1523501917,7.62022201063
1523501918,8.11499107
1523501919,8.19436745191
1523501920,7.95407410718
1523501921,6.73901201517
1523501922,4.48391993021
1523501923,1.60321558288
1523501924,-0.364408367737
1523501925,-1.14979414119
