time,max_dev
1523501870,0.00244402313386
1523501871,0.00379154227958
1523501872,-0.00263838205591
1523501873,0.00212398463885
1523501874,0.0211907811276
1523501875,0.031358314787
1523501876,0.0232775572122
1523501877,0.0167574588648
1523501878,-0.0135007602902
1523501879,-0.0205984949823
1523501880,0.00783690626497
1523501881,0.0295467428398
1523501882,0.0252015342361
1523501883,0.015209273785
1523501884,-0.0107346306412
1523501885,-0.00974953081999
1523501886,-0.00119549540144
1523501887,0.000163699239368
1523501888,0.0178609979369
1523501889,0.0199627210669
1523501890,0.02134139895
1523501891,0.0223125783636
1523501892,0.0172252006772
1523501893,0.0102898027267
1523501894,-0.00292013231184
1523501895,0.00118399484919
1523501896,0.00608774216142
1523501897,0.00776592710502
1523501898,0.00551514818556
1523501899,0.0084522718802
1523501900,0.0134099943853
1523501901,0.0197926147508
1523501902,0.0206906044743
1523501903,0.0456046750899
1523501904,0.150944469658
1523501905,0.350253813425
1523501906,0.400939976589
1523501907,0.405743769539
1523501908,0.500880009869
1523501909,0.641578293867
1523501910,1.12689822774
1523501911,1.77521063946
1523501912,2.61147886554
1523501913,3.41818571326
1523501914,4.49853469454
1523501915,5.57429795487
1523501916,6.49792885531
1523501917,7.62036398635
1523501918,8.11520641926
1523501919,8.19461866076
1523501920,7.9544243541
1523501921,6.73962307972
1523501922,4.48474953536
1523501923,1.60407806936
1523501924,-0.364161405292
1523501925,-1.14998039854
