time,max_dev
1523501852,9.93600129014e-05
1523501853,-0.00679541200575
1523501854,-0.00239610867328
1523501855,0.00994889295462
1523501856,0.0220899404001
1523501857,0.0326397779359
1523501858,0.0287376909149
1523501859,0.0202794034732
1523501860,0.0098130455035
1523501861,-0.00479734495328
1523501862,-0.0110437149349
1523501863,-0.00369677887335
1523501864,0.0186167736715
1523501865,0.0281230312056
1523501866,0.0159157575371
1523501867,0.00510925287471
1523501868,0.000729627898239
1523501869,0.0095814445077
1523501870,0.00882693844535
1523501871,0.00966619552374
1523501872,-0.000738801498241
1523501873,0.00053518908084
1523501874,0.0189169792029
1523501875,0.0297811804693
1523501876,0.0221126164972
1523501877,0.0164847671525
1523501878,-0.0132798225346
1523501879,-0.0203610434993
1523501880,0.00790652413683
1523501881,0.0294963014099
1523501882,0.0250879324111
1523501883,0.0150199988831
1523501884,-0.0109247888465
1523501885,-0.00987302616616
1523501886,-0.00128671811074
1523501887,4.49608293164e-05
1523501888,0.0176830561091
1523501889,0.0198793029413
1523501890,0.0212635595306
1523501891,0.0222403238723
1523501892,0.0171586357423
1523501893,0.0102083339195
1523501894,-0.00299387783216
1523501895,0.00112383746862
1523501896,0.00603580489982
1523501897,0.00769819099365
1523501898,0.00545269799503
1523501899,0.00839832568971
1523501900,0.0133623814748
1523501901,0.0197508677886
1523501902,0.0206527971203
1523501903,0.0455636467141
1523501904,0.150896845053
1523501905,0.350185254896
1523501906,0.400892844435
1523501907,0.405676074233
1523501908,0.500777387342
1523501909,0.641551160753
1523501910,1.12689488885
1523501911,1.77520955737
1523501912,2.6114693134
1523501913,3.41815412878
1523501914,4.49846182459
1523501915,5.57421627641
1523501916,6.49788006202
1523501917,7.62037282455
1523501918,8.1152149095
1523501919,8.19461364999
1523501920,7.9543358562
1523501921,6.73904923397
1523501922,4.48390394586
1523501923,1.60319650209
1523501924,-0.364409520446
1523501925,-1.14979533886
