time,max_dev
1523501871,0.000105670729313
1523501872,-0.00753888850698
1523501873,0.00729908175863
1523501874,0.0271194998222
1523501875,0.0349794677644
1523501876,0.025413538988
1523501877,0.0162311321658
1523501878,-0.0152014986374
1523501879,-0.0217630639428
1523501880,0.0073510496315
1523501881,0.0293451609704
1523501882,0.0253271220435
1523501883,0.0153744848308
1523501884,-0.0105521899903
1523501885,-0.00973678346599
1523501886,-0.00124077862987
1523501887,9.17100896382e-05
1523501888,0.017689197179
1523501889,0.0198942459064
1523501890,0.0212951392166
1523501891,0.0222853206007
1523501892,0.0172115530274
1523501893,0.0102653288505
1523501894,-0.00293731210988
1523501895,0.0011745710142
1523501896,0.0060857168475
1523501897,0.00775063609287
1523501898,0.00550749518477
1523501899,0.00845367062242
1523501900,0.0134152551389
1523501901,0.0198023424536
1523501902,0.020702327623
1523501903,0.0456136693046
1523501904,0.150995505911
1523501905,0.350413498459
1523501906,0.400913700662
1523501907,0.405717383914
1523501908,0.500865343429
1523501909,0.641560484401
1523501910,1.12688386304
1523501911,1.77519891829
1523501912,2.61147128278
1523501913,3.41818100611
1523501914,4.49852595236
1523501915,5.57429263115
1523501916,6.49792667086
1523501917,7.62036360134
1523501918,8.11521037846
1523501919,8.19462556508
1523501920,7.95443683267
1523501921,6.73965446353
1523501922,4.48479268831
1523501923,1.6041239433
1523501924,-0.364152566488
1523501925,-1.14999607888
