time,max_dev
1523501839,0.0132056067518
1523501840,0.0157329433094
1523501841,0.00946317926473
1523501842,0.00429909985487
1523501843,0.00822046803942
1523501844,0.00527153535558
1523501845,-0.00188289187668
1523501846,-0.00317350784881
1523501847,-0.00258967494442
1523501848,0.00393058952074
1523501849,0.00997696304307
1523501850,0.00913295552596
1523501851,0.00507411974698
1523501852,-0.000446163953197
1523501853,-0.00574352080834
1523501854,-0.0029458331273
1523501855,0.0092725538598
1523501856,0.0213891953313
1523501857,0.0322388684978
1523501858,0.0286493687595
1523501859,0.0202772155676
1523501860,0.00995060740645
1523501861,-0.00468993342379
1523501862,-0.0109687386007
1523501863,-0.0037108982759
1523501864,0.0185847044184
1523501865,0.0280857166219
1523501866,0.0158883678689
1523501867,0.00508406748362
1523501868,0.000713987114914
1523501869,0.00957531816807
1523501870,0.00881798884211
1523501871,0.00966194877394
1523501872,-0.000752736816815
1523501873,0.000523832311074
1523501874,0.0189069668562
1523501875,0.0297722073895
1523501876,0.0221009688464
1523501877,0.0164738596846
1523501878,-0.0132887891438
1523501879,-0.0203660454677
1523501880,0.00790283185075
1523501881,0.0294893085987
1523501882,0.0250840585831
1523501883,0.015011098233
1523501884,-0.0109332031768
1523501885,-0.00987904385024
1523501886,-0.00129119568533
1523501887,3.75298713095e-05
1523501888,0.0176780519264
1523501889,0.0198748312419
1523501890,0.021260243921
1523501891,0.0222375327827
1523501892,0.017157338085
1523501893,0.0102049460961
1523501894,-0.00299542405452
1523501895,0.00112447644239
1523501896,0.00603798706394
1523501897,0.00769889781125
1523501898,0.00545541643695
1523501899,0.00840330614841
1523501900,0.0133671662686
1523501901,0.0197562591848
1523501902,0.0206581934397
1523501903,0.0455688532059
1523501904,0.150914333853
1523501905,0.350229588216
1523501906,0.400840952487
1523501907,0.405601980675
1523501908,0.500672679517
1523501909,0.641521135068
1523501910,1.1269038617
1523501911,1.77525628162
1523501912,2.61154745145
1523501913,3.41825835072
1523501914,4.49858842491
1523501915,5.57437663378
1523501916,6.49808447165
1523501917,7.62063623305
1523501918,8.11561161478
1523501919,8.19506860539
1523501920,7.95492407797
1523501921,6.74002470299
1523501922,4.48528040194
1523501923,1.60462149482
1523501924,-0.364020740052
1523501925,-1.15010023279
