time,max_dev
1523501889,0.0114362810615
1523501890,0.0178867374913
1523501891,0.0225147776229
1523501892,0.0190413042334
1523501893,0.0122981407366
1523501894,-0.00142888523335
1523501895,0.00132309484107
1523501896,0.00588923659127
1523501897,0.00757920122085
1523501898,0.00528337690179
1523501899,0.00838104371263
1523501900,0.0134441036582
1523501901,0.0198798867566
1523501902,0.0207897085736
1523501903,0.045693019494
1523501904,0.151057569623
1523501905,0.350375553916
1523501906,0.400944103729
1523501907,0.405686180639
1523501908,0.500690212443
1523501909,0.641372182002
1523501910,1.12664074285
1523501911,1.77491324782
1523501912,2.61119120883
1523501913,3.41792566484
1523501914,4.49832672338
1523501915,5.57413759526
1523501916,6.49780844719
1523501917,7.6202605202
1523501918,8.11502511778
1523501919,8.19440002898
1523501920,7.95416028656
1523501921,6.73942705289
1523501922,4.48456831123
1523501923,1.60391419718
1523501924,-0.364188267885
1523501925,-1.14990167383
