time,max_dev
1523501898,7.14944721112e-05
1523501899,0.0111980297773
1523501900,0.019996067367
1523501901,0.0255935686004
1523501902,0.0233548755554
1523501903,0.0443102191961
1523501904,0.145627497699
1523501905,0.341711781073
1523501906,0.400762177112
1523501907,0.406000950686
1523501908,0.502491898777
1523501909,0.646394655296
1523501910,1.13449023328
1523501911,1.78475154423
1523501912,2.62097677198
1523501913,3.42680358669
1523501914,4.50644262936
1523501915,5.58018810542
1523501916,6.50242889145
1523501917,7.6239864046
1523501918,8.12088410582
1523501919,8.20120932959
1523501920,7.96294783979
1523501921,6.75154708795
1523501922,4.49977577654
1523501923,1.61817829812
1523501924,-0.361324678146
1523501925,-1.15460708007
