time,max_dev
1523501855,0.00882214908862
1523501856,0.0195873154808
1523501857,0.030608931954
1523501858,0.0277439832763
1523501859,0.0197505192166
1523501860,0.0101753850003
1523501861,-0.00426245917688
1523501862,-0.010548473403
1523501863,-0.00360461717083
1523501864,0.0186362284082
1523501865,0.0280813625661
1523501866,0.0158672763791
1523501867,0.00506896231965
1523501868,0.000712927780429
1523501869,0.00959639908916
1523501870,0.0088507599044
1523501871,0.00969120523635
1523501872,-0.000717530091336
1523501873,0.000552142655191
1523501874,0.0189316116623
1523501875,0.0297941140586
1523501876,0.0221250296407
1523501877,0.016496900412
1523501878,-0.0132669660631
1523501879,-0.0203458648633
1523501880,0.00792236007793
1523501881,0.0295113016401
1523501882,0.0251027926401
1523501883,0.0150330033548
1523501884,-0.0109119448842
1523501885,-0.00985982815176
1523501886,-0.00127316919447
1523501887,5.8012570483e-05
1523501888,0.0176970853055
1523501889,0.0198936719152
1523501890,0.0212779299519
1523501891,0.0222545426101
1523501892,0.0171736769696
1523501893,0.0102222428085
1523501894,-0.00297930995597
1523501895,0.00113986714833
1523501896,0.0060529462226
1523501897,0.00771443017574
1523501898,0.00547056790678
1523501899,0.00841753703368
1523501900,0.0133810565005
1523501901,0.0197692621279
1523501902,0.0206709141334
1523501903,0.0455822229075
1523501904,0.150941258914
1523501905,0.350292151112
1523501906,0.400932347418
1523501907,0.405761569522
1523501908,0.500948786832
1523501909,0.641635632141
1523501910,1.12696742051
1523501911,1.7752885398
1523501912,2.61155414461
1523501913,3.41824406445
1523501914,4.49854535906
1523501915,5.57429819643
1523501916,6.49797134187
1523501917,7.62049767669
1523501918,8.11540092793
1523501919,8.19482295289
1523501920,7.95455476782
1523501921,6.73905883056
1523501922,4.48382265498
1523501923,1.60310700057
1523501924,-0.364430407664
1523501925,-1.14978351999
