time,max_dev
1523501837,0.00459414792703
1523501838,0.00520641556412
1523501839,0.0114658095618
1523501840,0.0149761422301
1523501841,0.00968596399797
1523501842,0.00468049760819
1523501843,0.00875000088203
1523501844,0.00569889706344
1523501845,-0.001704831989
1523501846,-0.00323851486675
1523501847,-0.00268519959448
1523501848,0.00381953536092
1523501849,0.00989425080521
1523501850,0.00908693705086
1523501851,0.00503523187501
1523501852,-0.000457300762991
1523501853,-0.00574731873211
1523501854,-0.0029585622904
1523501855,0.00925229735754
1523501856,0.0213668973742
1523501857,0.0322177636574
1523501858,0.0286306078697
1523501859,0.0202552885486
1523501860,0.00993730312884
1523501861,-0.00470268086452
1523501862,-0.0109790018405
1523501863,-0.00372236454455
1523501864,0.0185692459962
1523501865,0.0280720102136
1523501866,0.0158799542387
1523501867,0.0050726444789
1523501868,0.000703856890755
1523501869,0.00956774962104
1523501870,0.00880774088236
1523501871,0.00965539753625
1523501872,-0.000764839557419
1523501873,0.000513194816601
1523501874,0.0188978250386
1523501875,0.0297641444513
1523501876,0.022090899756
1523501877,0.016464814546
1523501878,-0.0132967414143
1523501879,-0.0203721745232
1523501880,0.00789768300454
1523501881,0.0294821810603
1523501882,0.0250795503914
1523501883,0.0150029006438
1523501884,-0.0109409067599
1523501885,-0.00988488083822
1523501886,-0.00129680550351
1523501887,3.02819239728e-05
1523501888,0.0176717620171
1523501889,0.019870041584
1523501890,0.0212561216157
1523501891,0.0222337627207
1523501892,0.017154239463
1523501893,0.0102008954218
1523501894,-0.00299877850212
1523501895,0.00112216095697
1523501896,0.00603690781243
1523501897,0.00769663867664
1523501898,0.00545382929135
1523501899,0.00840287072405
1523501900,0.0133670709979
1523501901,0.0197559703102
1523501902,0.0206579101369
1523501903,0.0455686648774
1523501904,0.150917305075
1523501905,0.35023964269
1523501906,0.399752352305
1523501907,0.403983662506
1523501908,0.498692096237
1523501909,0.641535849358
1523501910,1.12715587764
1523501911,1.77534746087
1523501912,2.61141932784
1523501913,3.41798810747
1523501914,4.49824810425
1523501915,5.57398874984
1523501916,6.49761167726
1523501917,7.62000814074
1523501918,8.11473904471
1523501919,8.19410981874
1523501920,7.95383840751
1523501921,6.73899292677
1523501922,4.48401348713
1523501923,1.60340168443
1523501924,-0.364317535804
1523501925,-1.14978957214
