time,max_dev
1523501849,0.0106226000543
1523501850,0.0069964377876
1523501851,0.00239248147407
1523501852,-0.00302946997539
1523501853,-0.00730156115777
1523501854,-0.00255847688111
1523501855,0.00988664522704
1523501856,0.0220323314362
1523501857,0.0326742853464
1523501858,0.0288291690944
1523501859,0.0203695760534
1523501860,0.0098725350986
1523501861,-0.00477912578608
1523501862,-0.0110408384238
1523501863,-0.00371266162391
1523501864,0.0185987091766
1523501865,0.0281098286083
1523501866,0.0159091510968
1523501867,0.00510409423826
1523501868,0.000726617974412
1523501869,0.0095797228055
1523501870,0.00882239115485
1523501871,0.00966399780474
1523501872,-0.000746090291906
1523501873,0.000530507848508
1523501874,0.0189129697223
1523501875,0.0297779649459
1523501876,0.0221080632466
1523501877,0.0164804106131
1523501878,-0.0132834672952
1523501879,-0.0203620545893
1523501880,0.00790616938
1523501881,0.0294942938663
1523501882,0.0250870843141
1523501883,0.0150164756792
1523501884,-0.010928136595
1523501885,-0.00987487128212
1523501886,-0.00128820942904
1523501887,4.21533369155e-05
1523501888,0.0176820424117
1523501889,0.0198786293617
1523501890,0.0212632172741
1523501891,0.0222398311132
1523501892,0.0171592904065
1523501893,0.0102075290552
1523501894,-0.00299320532124
1523501895,0.00112628792743
1523501896,0.00603937238324
1523501897,0.00770085659626
1523501898,0.00545729599226
1523501899,0.0084045538967
1523501900,0.0133680756707
1523501901,0.0197568229883
1523501902,0.0206582094004
1523501903,0.0455695560823
1523501904,0.150913552017
1523501905,0.350224632859
1523501906,0.400908699796
1523501907,0.405726928619
1523501908,0.500910332849
1523501909,0.641552353248
1523501910,1.1279717166
1523501911,1.78179636644
1523501912,2.62462636904
1523501913,3.43811341659
1523501914,4.52586160901
1523501915,5.60343067333
1523501916,6.52575174178
1523501917,7.64869933185
1523501918,8.15625455076
1523501919,8.24110008335
1523501920,8.01615280831
1523501921,6.82962533441
1523501922,4.60002350036
1523501923,1.71827899382
1523501924,-0.348238731891
1523501925,-1.16803791347
