time,max_dev
1523501835,0.000146029190676
1523501836,-0.00415493463627
1523501837,0.00668373331325
1523501838,0.00780654782261
1523501839,0.0127642584089
1523501840,0.0147894690185
1523501841,0.00909080071721
1523501842,0.00412039508107
1523501843,0.00860013919208
1523501844,0.00565769660018
1523501845,-0.0015648123129
1523501846,-0.00309118133489
1523501847,-0.00252887639592
1523501848,0.00386882355708
1523501849,0.00990417003497
1523501850,0.00908258496038
1523501851,0.00503482619416
1523501852,-0.00045453993142
1523501853,-0.00573581011373
1523501854,-0.00293538054742
1523501855,0.0092791287507
1523501856,0.0213914349521
1523501857,0.0322394271034
1523501858,0.028648452099
1523501859,0.0202749724865
1523501860,0.0099520043322
1523501861,-0.00468790219296
1523501862,-0.010965704012
1523501863,-0.00370783377825
1523501864,0.0185856215167
1523501865,0.0280878085955
1523501866,0.0158921108422
1523501867,0.00508681157757
1523501868,0.000717053666428
1523501869,0.00957936064324
1523501870,0.00882054438859
1523501871,0.00966666272713
1523501872,-0.000750484724345
1523501873,0.000526409023862
1523501874,0.0189098787131
1523501875,0.0297757671652
1523501876,0.0221030410423
1523501877,0.0164770864324
1523501878,-0.0132852115245
1523501879,-0.0203624640121
1523501880,0.00790722787624
1523501881,0.0294925554158
1523501882,0.025088780868
1523501883,0.0150139980898
1523501884,-0.0109299743638
1523501885,-0.00987547240261
1523501886,-0.00128728169875
1523501887,4.07860116505e-05
1523501888,0.017681144679
1523501889,0.0198787445221
1523501890,0.0212644909468
1523501891,0.0222421094424
1523501892,0.0171624068994
1523501893,0.0102092017381
1523501894,-0.00299066525673
1523501895,0.00112956953821
1523501896,0.00604309976991
1523501897,0.00770341378186
1523501898,0.00545995130468
1523501899,0.00840838297791
1523501900,0.0133725447327
1523501901,0.0197619318851
1523501902,0.0206635957443
1523501903,0.0455747991823
1523501904,0.150928601637
1523501905,0.350264542277
1523501906,0.400717970935
1523501907,0.405482520799
1523501908,0.500621920107
1523501909,0.641442181539
1523501910,1.12683216466
1523501911,1.77518474084
1523501912,2.61147572415
1523501913,3.41820335753
1523501914,4.4985258415
1523501915,5.57430909977
1523501916,6.49794133414
1523501917,7.62037613916
1523501918,8.11530596116
1523501919,8.19477642054
1523501920,7.95468833495
1523501921,6.7401881954
1523501922,4.48551795231
1523501923,1.604902182
1523501924,-0.363998968358
1523501925,-1.15028577384
