time,max_dev
1523501881,0.0201039933802
1523501882,0.0188763394308
1523501883,0.0103846402911
1523501884,-0.012145844022
1523501885,-0.0092677406629
1523501886,-0.000772630651497
1523501887,0.000577248994532
1523501888,0.0180093120555
1523501889,0.0200634049208
1523501890,0.0213241432776
1523501891,0.0222340612855
1523501892,0.0171404313385
1523501893,0.0102108118326
1523501894,-0.00296907857756
1523501895,0.00118088896554
1523501896,0.0060910814297
1523501897,0.00776690592288
1523501898,0.00551500333625
1523501899,0.00844733082819
1523501900,0.0134032640221
1523501901,0.0197852494445
1523501902,0.0206840757419
1523501903,0.0455981974819
1523501904,0.150937732641
1523501905,0.350247094376
1523501906,0.400934527959
1523501907,0.405739248961
1523501908,0.50088029239
1523501909,0.641577198177
1523501910,1.12689842437
1523501911,1.77521155719
1523501912,2.61148110542
1523501913,3.41818831073
1523501914,4.49853644369
1523501915,5.57429987704
1523501916,6.49793080171
1523501917,7.6203649777
1523501918,8.11520857887
1523501919,8.19462151429
1523501920,7.9544310382
1523501921,6.73964476675
1523501922,4.48478077415
1523501923,1.60411032851
1523501924,-0.364153548169
1523501925,-1.14998840643
