time,max_dev
1523501886,7.69283726847e-05
1523501887,-0.00661427475393
1523501888,0.0136311926815
1523501889,0.0195673577266
1523501890,0.0227756421165
1523501891,0.0240558092909
1523501892,0.0184961940498
1523501893,0.0112811564918
1523501894,-0.00256150895643
1523501895,0.000986005703204
1523501896,0.00590365345277
1523501897,0.00760077927014
1523501898,0.00543448493758
1523501899,0.00848086006426
1523501900,0.0134684091036
1523501901,0.0198515638968
1523501902,0.0207373917283
1523501903,0.0456348955209
1523501904,0.150969227929
1523501905,0.35026830689
1523501906,0.400963244366
1523501907,0.405761203763
1523501908,0.500878641511
1523501909,0.641565093754
1523501910,1.12687421712
1523501911,1.7751800794
1523501912,2.61145120198
1523501913,3.41816375455
1523501914,4.49852798687
1523501915,5.57429780653
1523501916,6.4979345328
1523501917,7.62037411021
1523501918,8.11521279762
1523501919,8.1946212069
1523501920,7.95442557814
1523501921,6.73962902315
1523501922,4.48476064904
1523501923,1.6040908938
1523501924,-0.364151061181
1523501925,-1.14997238836
