time,max_dev
1523501843,0.0116397080586
1523501844,0.0086876462549
1523501845,-0.000147648268389
1523501846,-0.0040337423617
1523501847,-0.00344131261844
1523501848,0.00338733775833
1523501849,0.00980630492265
1523501850,0.00920594913676
1523501851,0.00521256032531
1523501852,-0.000290538811993
1523501853,-0.00563672353978
1523501854,-0.00293722975632
1523501855,0.0092726115972
1523501856,0.0213749327292
1523501857,0.0322236034285
1523501858,0.0286387615329
1523501859,0.0202758715221
1523501860,0.00994458514434
1523501861,-0.0046928585966
1523501862,-0.0109708802147
1523501863,-0.00371501551864
1523501864,0.0185850557625
1523501865,0.0280822438733
1523501866,0.0158750086455
1523501867,0.00507605418004
1523501868,0.000704236693007
1523501869,0.00956553370335
1523501870,0.00881362089448
1523501871,0.00965207946066
1523501872,-0.000753667546919
1523501873,0.00051773666008
1523501874,0.018898209297
1523501875,0.0297615563035
1523501876,0.0220943813169
1523501877,0.0164665142483
1523501878,-0.0132979983279
1523501879,-0.0203808327491
1523501880,0.00788693744515
1523501881,0.0294778246401
1523501882,0.0250692260603
1523501883,0.0150034187832
1523501884,-0.0109403622358
1523501885,-0.00988883383539
1523501886,-0.00130441846621
1523501887,2.88602391027e-05
1523501888,0.0176648868655
1523501889,0.0198607766052
1523501890,0.0212459978577
1523501891,0.0222218830433
1523501892,0.0171404594216
1523501893,0.0101899274534
1523501894,-0.00301355937081
1523501895,0.00110154031238
1523501896,0.00600967770148
1523501897,0.00767292178582
1523501898,0.00542399227072
1523501899,0.00836825565824
1523501900,0.0133331412433
1523501901,0.0197226106726
1523501902,0.0206253135589
1523501903,0.0455392392499
1523501904,0.150854112364
1523501905,0.350040039437
1523501906,0.400906879813
1523501907,0.405716790609
1523501908,0.500883415444
1523501909,0.641572300981
1523501910,1.12690926048
1523501911,1.77524821609
1523501912,2.61154471338
1523501913,3.41828394109
1523501914,4.4986709853
1523501915,5.57445950928
1523501916,6.49808288933
1523501917,7.62049753566
1523501918,8.11542715412
1523501919,8.19489151523
1523501920,7.95487151985
1523501921,6.74064070583
1523501922,4.48619188218
1523501923,1.60558075875
1523501924,-0.363757420064
1523501925,-1.15033100043
