time,max_dev
1523504633,0.0273158244201
1523504634,0.0569833404587
1523504635,0.0510404608869
1523504636,0.0342256771618
1523504637,0.0087020652805
1523504638,-0.0164869494087
1523504639,-0.0271153444701
1523504640,-0.0126042854986
1523504641,0.00517577349069
1523504642,0.017381689518
1523504643,0.0335031408026
1523504644,0.0995839009394
1523504645,0.207120594348
1523504646,0.406906958352
1523504647,0.752874839574
1523504648,1.13091166558
1523504649,1.31018899932
1523504650,1.314553529
1523504651,1.1944608614
1523504652,1.2956467564
1523504653,1.50391396292
1523504654,1.64855026031
1523504655,1.82491151735
1523504656,1.96148973189
1523504657,2.15939885972
1523504658,2.40457974496
1523504659,2.65509546698
1523504660,2.90551462452
1523504661,3.16885385483
1523504662,3.46731854916
1523504663,3.80624259954
1523504664,4.22761318607
1523504665,4.67402309196
1523504666,5.14902877297
1523504667,5.67016745902
1523504668,6.21566480152
1523504669,6.83877017892
1523504670,7.55095660212
1523504671,8.29840828998
1523504672,9.09769648221
1523504673,10.0174155076
1523504674,11.04542284
1523504675,12.1484373416
1523504676,13.3753905306
1523504677,14.6261063563
1523504678,16.0174688769
1523504679,17.2268920423
1523504680,17.863870108
1523504681,17.8753750032
1523504682,17.4447432148
1523504683,15.6954132374
1523504684,12.3457411965
1523504685,7.1955131428
1523504686,1.08125483265
1523504687,-0.0127517658314
1523504688,0.0262154144733
1523504689,0.0887537333586
1523504690,0.154633409244
1523504691,0.169474882494
1523504692,0.178165098988
1523504693,0.149323886015
1523504694,0.0580004121493
1523504695,0.00447559309685
1523504696,-0.0146227217933
1523504697,-0.0468909888043
1523504698,-0.0967571108163
1523504699,-0.119107864488
1523504700,-0.0740773585822
1523504701,-0.00616356877683
1523504702,-0.00141406812289
1523504703,0.00335387832361
1523504704,0.00624225398097
1523504705,-0.00811383898809
1523504706,-0.00571911399647
1523504707,-0.00560822130316
1523504708,-0.00384267600474
1523504709,-0.0036292124032
1523504710,-0.0136515101767
1523504711,-0.00978082313286
1523504712,0.00106708514265
1523504713,0.00187999308596
1523504714,-0.0051070798106
1523504715,-0.0200355096043
1523504716,-0.0277717099396
1523504717,-0.0199438664833
1523504718,-0.0141029328771
1523504719,-0.00618025166857
1523504720,-0.00301172457071
1523504721,-0.00132533092432
1523504722,-0.000179888893611
