time,max_dev
1523504635,0.0251462434001
1523504636,0.0403384310085
1523504637,0.02386887458
1523504638,0.00352962787265
1523504639,-0.0238666687542
1523504640,-0.0156166397729
1523504641,0.000198432430862
1523504642,0.0132876378711
1523504643,0.0315014414372
1523504644,0.0989563351615
1523504645,0.205274421063
1523504646,0.398096954457
1523504647,0.751040678358
1523504648,1.12990104827
1523504649,1.30551374796
1523504650,1.30979261405
1523504651,1.18993898827
1523504652,1.29859460422
1523504653,1.50545930323
1523504654,1.64819029792
1523504655,1.82404717556
1523504656,1.96088495338
1523504657,2.15911088671
1523504658,2.4045472153
1523504659,2.65515575507
1523504660,2.90555600966
1523504661,3.16883880668
1523504662,3.46725738682
1523504663,3.80608976334
1523504664,4.22744860001
1523504665,4.67396344745
1523504666,5.14897234551
1523504667,5.67010828769
1523504668,6.21559730864
1523504669,6.83870034258
1523504670,7.55088929477
1523504671,8.2983420625
1523504672,9.09763824513
1523504673,10.0173563217
1523504674,11.045353007
1523504675,12.1483594612
1523504676,13.3753101006
1523504677,14.6260288547
1523504678,16.0173950687
1523504679,17.2268069383
1523504680,17.8635686137
1523504681,17.8750399251
1523504682,17.4440959762
1523504683,15.6944639508
1523504684,12.3448353337
1523504685,7.19526576205
1523504686,1.08110482389
1523504687,-0.0128957652463
1523504688,0.0261364444402
1523504689,0.0887000491242
1523504690,0.154607388424
1523504691,0.169448089533
1523504692,0.17814356577
1523504693,0.14932494738
1523504694,0.0579656756606
1523504695,0.00441682517289
1523504696,-0.0146807776372
1523504697,-0.0469489766662
1523504698,-0.0968156860599
1523504699,-0.119161388455
1523504700,-0.0741658014462
1523504701,-0.00623318798989
1523504702,-0.00147818153865
1523504703,0.00328532755049
1523504704,0.00617208085911
1523504705,-0.00816352548988
1523504706,-0.00575749644012
1523504707,-0.00564544746692
1523504708,-0.00387000079936
1523504709,-0.00364282828559
1523504710,-0.0137132984923
1523504711,-0.00986618721798
1523504712,0.00108051162193
1523504713,0.00190815017059
1523504714,-0.00506246345432
1523504715,-0.0200646382959
1523504716,-0.0279835824224
1523504717,-0.0201627198085
1523504718,-0.0142842918849
1523504719,-0.00630439519431
1523504720,-0.00308955430858
1523504721,-0.0013782973886
1523504722,-0.00021759364576
