time,max_dev
1523504630,0.000325345689008
1523504631,0.00569764329759
1523504632,0.0162262292325
1523504633,0.0421861614764
1523504634,0.056688617792
1523504635,0.0360926594622
1523504636,0.0165020891854
1523504637,-0.00565155322029
1523504638,-0.0208414495806
1523504639,-0.0201611098728
1523504640,-0.00676773137501
1523504641,0.00839266625329
1523504642,0.0182114545092
1523504643,0.0331401286581
1523504644,0.0988887783536
1523504645,0.205757128093
1523504646,0.403403108454
1523504647,0.743911054758
1523504648,1.12867312923
1523504649,1.29302583427
1523504650,1.29711794711
1523504651,1.180375946
1523504652,1.31026464435
1523504653,1.50861842808
1523504654,1.64655259506
1523504655,1.82122322155
1523504656,1.95895761824
1523504657,2.15822394315
1523504658,2.40445362945
1523504659,2.65534666636
1523504660,2.90567825579
1523504661,3.16878436902
1523504662,3.46705593402
1523504663,3.80556140013
1523504664,4.22680368106
1523504665,4.67366740621
1523504666,5.14871877947
1523504667,5.66990220596
1523504668,6.21541041785
1523504669,6.83851631953
1523504670,7.55069844939
1523504671,8.29812342856
1523504672,9.09741104513
1523504673,10.0171350665
1523504674,11.0451519396
1523504675,12.1481777635
1523504676,13.3751374184
1523504677,14.625855518
1523504678,16.0172223087
1523504679,17.2266502275
1523504680,17.863117054
1523504681,17.8745515009
1523504682,17.4432515686
1523504683,15.6931983249
1523504684,12.3432254319
1523504685,7.19371769169
1523504686,1.08044387448
1523504687,-0.0130555977668
1523504688,0.0259194133528
1523504689,0.0884544676813
1523504690,0.154355250486
1523504691,0.169213636228
1523504692,0.177899750595
1523504693,0.149104516618
1523504694,0.0577547710944
1523504695,0.00420765607478
1523504696,-0.01489083719
1523504697,-0.0471571676718
1523504698,-0.0970111361027
1523504699,-0.119353488197
1523504700,-0.0743190379684
1523504701,-0.0064219719171
1523504702,-0.00166276885609
1523504703,0.00310662750547
1523504704,0.0060007913704
1523504705,-0.00835240608737
1523504706,-0.00595851565452
1523504707,-0.00584021900949
1523504708,-0.00406879349923
1523504709,-0.00385392941047
1523504710,-0.0138798020368
1523504711,-0.00995294970276
1523504712,0.00094608417739
1523504713,0.00177095108249
1523504714,-0.00518223085109
1523504715,-0.0200911194419
1523504716,-0.0279885817597
1523504717,-0.0202129115031
1523504718,-0.0144249681884
1523504719,-0.00652178657006
1523504720,-0.00335988276655
1523504721,-0.00166785688221
1523504722,-0.000507145790773
