time,max_dev
1523504640,0.000120451950395
1523504641,-0.00884350417347
1523504642,0.00511316730059
1523504643,0.0272121356859
1523504644,0.0991172787247
1523504645,0.210731693551
1523504646,0.41574864075
1523504647,0.768953904008
1523504648,1.134123778
1523504649,1.33493000974
1523504650,1.33973053593
1523504651,1.21876109128
1523504652,1.26529196502
1523504653,1.48297863124
1523504654,1.65143542003
1523504655,1.83188974541
1523504656,1.96592992025
1523504657,2.16101436845
1523504658,2.40404692392
1523504659,2.65379137937
1523504660,2.90438124573
1523504661,3.16820658961
1523504662,3.46708684356
1523504663,3.8059641033
1523504664,4.22744601602
1523504665,4.67263739006
1523504666,5.14776058511
1523504667,5.66951289488
1523504668,6.21549487679
1523504669,6.83880706576
1523504670,7.5510148714
1523504671,8.29838594043
1523504672,9.09763968779
1523504673,10.0173056705
1523504674,11.045261448
1523504675,12.1482473588
1523504676,13.3752018486
1523504677,14.625940102
1523504678,16.0173135251
1523504679,17.2267083752
1523504680,17.8632451417
1523504681,17.8746790049
1523504682,17.4433513772
1523504683,15.6930290475
1523504684,12.3423433841
1523504685,7.19149507459
1523504686,1.07882867295
1523504687,-0.0130695066716
1523504688,0.0260370894129
1523504689,0.0886326728774
1523504690,0.154543979524
1523504691,0.169400735345
1523504692,0.178044980288
1523504693,0.14920497209
1523504694,0.0578842829072
1523504695,0.00434543532493
1523504696,-0.0147472309281
1523504697,-0.0470147977685
1523504698,-0.0969028364891
1523504699,-0.119267340586
1523504700,-0.0743112186021
1523504701,-0.00630346483099
1523504702,-0.00154592704566
1523504703,0.00321384492556
1523504704,0.00607542691867
1523504705,-0.0082214286655
1523504706,-0.00580258261251
1523504707,-0.00569408797184
1523504708,-0.00391525530789
1523504709,-0.0036708498088
1523504710,-0.0137796494798
1523504711,-0.0100359906013
1523504712,0.000898208194498
1523504713,0.00171359011795
1523504714,-0.0053455808978
1523504715,-0.0204749429906
1523504716,-0.0284146267852
1523504717,-0.0204724376612
1523504718,-0.0144365159816
1523504719,-0.00633035271473
1523504720,-0.00303635239257
1523504721,-0.00130007250465
1523504722,-0.000142209677105
