time,max_dev
1523504631,0.00147255655007
1523504632,0.0148109105272
1523504633,0.0422629903252
1523504634,0.0578383827251
1523504635,0.0380267496767
1523504636,0.0173280113808
1523504637,-0.00554206001598
1523504638,-0.0219314546885
1523504639,-0.0213237034723
1523504640,-0.00742853056142
1523504641,0.00816795070972
1523504642,0.0181815970134
1523504643,0.0329703559359
1523504644,0.0986047916701
1523504645,0.205459200889
1523504646,0.403312825004
1523504647,0.722665114149
1523504648,1.11986935569
1523504649,1.25093680899
1523504650,1.25451052773
1523504651,1.18021542081
1523504652,1.34219233499
1523504653,1.5111684012
1523504654,1.64270091266
1523504655,1.81664440495
1523504656,1.95616752135
1523504657,2.15447817939
1523504658,2.40269429379
1523504659,2.65683966289
1523504660,2.90854041339
1523504661,3.17130618719
1523504662,3.4686760484
1523504663,3.80790642817
1523504664,4.2279160031
1523504665,4.67351053912
1523504666,5.14857037735
1523504667,5.66989464247
1523504668,6.21555429527
1523504669,6.83873414212
1523504670,7.55092168634
1523504671,8.29830905574
1523504672,9.09755554185
1523504673,10.0172586513
1523504674,11.0452883404
1523504675,12.148326976
1523504676,13.3752948587
1523504677,14.6260171061
1523504678,16.0173756714
1523504679,17.2268261032
1523504680,17.8637471967
1523504681,17.8752609849
1523504682,17.4446750824
1523504683,15.6955489447
1523504684,12.3459863999
1523504685,7.19547906175
1523504686,1.08162123261
1523504687,-0.0127888629173
1523504688,0.0260918216305
1523504689,0.0886092679627
1523504690,0.154427897236
1523504691,0.169266548125
1523504692,0.177936584675
1523504693,0.14900204009
1523504694,0.057757945294
1523504695,0.00424968244485
1523504696,-0.0147674230708
1523504697,-0.0470316547159
1523504698,-0.0968999397296
1523504699,-0.119242314477
1523504700,-0.0742443895049
1523504701,-0.00631750353743
1523504702,-0.00155969855039
1523504703,0.00318969322607
1523504704,0.00610446062131
1523504705,-0.00824996934978
1523504706,-0.00583938817378
1523504707,-0.00573842347989
1523504708,-0.00395526285614
1523504709,-0.00371816313748
1523504710,-0.0138070269078
1523504711,-0.00995394340797
1523504712,0.00104410139408
1523504713,0.00186620780068
1523504714,-0.00513170381492
1523504715,-0.0201653760184
1523504716,-0.0277387476176
1523504717,-0.0198496079498
1523504718,-0.0139717838991
1523504719,-0.00607766132304
1523504720,-0.00294424293567
1523504721,-0.00127844040735
1523504722,-0.000152023255705
