time,max_dev
1523503955,0.0192948322499
1523503956,0.030865426595
1523503957,0.0289222451598
1523503958,0.0269624184245
1523503959,0.0284884518025
1523503960,0.026589506112
1523503961,0.01536031282
1523503962,0.00268644256964
1523503963,0.0251027662012
1523503964,0.0387659731525
1523503965,0.0337416972289
1523503966,0.0206224605426
1523503967,0.00929588467617
1523503968,-0.00283826345574
1523503969,0.00285315931674
1523503970,0.0242175431876
1523503971,0.118143320402
1523503972,0.197856431152
1523503973,0.321065207036
1523503974,0.433528925952
1523503975,0.438073885009
1523503976,0.41447535505
1523503977,0.394123104216
1523503978,0.400955336441
1523503979,0.471191924243
1523503980,0.613139164291
1523503981,0.68192971899
1523503982,0.719342356987
1523503983,0.809874579432
1523503984,0.927320134145
1523503985,1.05728777416
1523503986,1.20745733764
1523503987,1.2577557108
1523503988,1.25595288232
1523503989,0.962704260658
1523503990,0.543822184633
1523503991,0.2786182522
1523503992,0.075617840432
1523503993,-0.127243806999
1523503994,-0.312069848968
1523503995,-0.162777715787
1523503996,0.0282431586979
1523503997,0.0460494854404
1523503998,0.0499798009185
1523503999,0.025873665157
1523504000,-0.00318610677847
1523504001,0.00856721860099
1523504002,0.00996966156684
1523504003,0.00756276105217
1523504004,0.00325716638944
1523504005,-0.00238917074365
1523504006,-0.00528830795371
1523504007,-0.00530499425072
1523504008,-0.00415007993714
1523504009,-0.00294075728775
1523504010,-0.00229556422869
1523504011,-0.00109298313078
1523504012,-8.97001789482e-05
1523504013,0.000149562042034
1523504014,0.0307276837416
1523504015,0.0984456254238
1523504016,0.114305445203
1523504017,0.0824672604433
1523504018,0.0357691171219
1523504019,-0.0129416442766
1523504020,-0.0101460847855
1523504021,0.00308012148115
1523504022,0.0198962098502
1523504023,0.0501733843391
1523504024,0.0472483047376
1523504025,0.0515574462827
1523504026,0.0354926322349
1523504027,0.0191096708445
1523504028,0.0120814431814
1523504029,0.0113957726571
1523504030,0.0148320283132
1523504031,0.0168157188379
1523504032,0.0191212169122
1523504033,0.0213155652374
1523504034,0.0247751242779
1523504035,0.0301835151015
1523504036,0.0175321946
1523504037,0.000657233856543
1523504038,-0.00522811470791
