time,max_dev
1523503949,0.0146162438889
1523503950,0.0249949677804
1523503951,0.0398827089546
1523503952,0.0363518936918
1523503953,0.0172081512376
1523503954,0.00679908429537
1523503955,0.0237087251935
1523503956,0.03276951115
1523503957,0.0283895098153
1523503958,0.0253131246945
1523503959,0.0265642082757
1523503960,0.0259963733942
1523503961,0.0164962096875
1523503962,0.00321740097432
1523503963,0.0234266952173
1523503964,0.037046159252
1523503965,0.0326119953036
1523503966,0.0201142851883
1523503967,0.00934184721056
1523503968,-0.00261629265878
1523503969,0.00307989497152
1523503970,0.024330053074
1523503971,0.118074009662
1523503972,0.197811493498
1523503973,0.321027616347
1523503974,0.433440682218
1523503975,0.437964297603
1523503976,0.414276170931
1523503977,0.394023895641
1523503978,0.400944488141
1523503979,0.4713190227
1523503980,0.613149676707
1523503981,0.681868377353
1523503982,0.719264730992
1523503983,0.80958719742
1523503984,0.926948250069
1523503985,1.05717498321
1523503986,1.20735398175
1523503987,1.25779418749
1523503988,1.2560150999
1523503989,0.962779594509
1523503990,0.54377921214
1523503991,0.278602189875
1523503992,0.0755445069312
1523503993,-0.127173576547
1523503994,-0.311806355519
1523503995,-0.162657776969
1523503996,0.028218543637
1523503997,0.0459879318778
1523503998,0.0499083891872
1523503999,0.0257966372136
1523504000,-0.00319456352774
1523504001,0.0083823396393
1523504002,0.00974347103297
1523504003,0.00733239151266
1523504004,0.00308061829071
1523504005,-0.0024927287058
1523504006,-0.005307438277
1523504007,-0.0053120974002
1523504008,-0.00416947517235
1523504009,-0.00296767051199
1523504010,-0.00233008315488
1523504011,-0.00116953840505
1523504012,-0.000214603442513
1523504013,-0.000107050355485
1523504014,0.0303074072454
1523504015,0.0967232898755
1523504016,0.112720757885
1523504017,0.080973659923
1523504018,0.0346376671459
1523504019,-0.0133033621796
1523504020,-0.0101818352091
1523504021,0.00329124443653
1523504022,0.0200801011683
1523504023,0.0502860943297
1523504024,0.0472878424147
1523504025,0.0515523226148
1523504026,0.0354857463057
1523504027,0.019097864521
1523504028,0.0120763703571
1523504029,0.0113956837451
1523504030,0.014850042204
1523504031,0.0168322414209
1523504032,0.019132850427
1523504033,0.0213256953837
1523504034,0.0247815749483
1523504035,0.0301786646476
1523504036,0.0175114375274
1523504037,0.000596371568541
1523504038,-0.00541109302734
