time,max_dev
1523503962,-0.000535731463967
1523503963,0.0155973751659
1523503964,0.03753675367
1523503965,0.0379759346269
1523503966,0.0268143805145
1523503967,0.0145379370762
1523503968,0.00059039120213
1523503969,0.00300541765734
1523503970,0.0226005448943
1523503971,0.113887465649
1523503972,0.196129200111
1523503973,0.322451446721
1523503974,0.435216114372
1523503975,0.439833377114
1523503976,0.416342344483
1523503977,0.393886296533
1523503978,0.400139310926
1523503979,0.469187668689
1523503980,0.613089304645
1523503981,0.682148217582
1523503982,0.719610780457
1523503983,0.810433127553
1523503984,0.927869063382
1523503985,1.0574355747
1523503986,1.20754388582
1523503987,1.25767049706
1523503988,1.25586484051
1523503989,0.962533724866
1523503990,0.543625745325
1523503991,0.278240944796
1523503992,0.0753632241254
1523503993,-0.127666393993
1523503994,-0.312766534194
1523503995,-0.163316313135
1523503996,0.0282897390254
1523503997,0.0461129171504
1523503998,0.0500542486302
1523503999,0.0259057201714
1523504000,-0.00326765022911
1523504001,0.00855624972347
1523504002,0.00994807497457
1523504003,0.007493874474
1523504004,0.00312521652305
1523504005,-0.00254551448504
1523504006,-0.00540896696747
1523504007,-0.00537574508601
1523504008,-0.00416735555906
1523504009,-0.00294751594041
1523504010,-0.00230037810015
1523504011,-0.00108560703962
1523504012,-4.32015514207e-05
1523504013,0.000300880469497
1523504014,0.0309269068179
1523504015,0.0985761406033
1523504016,0.114482006931
1523504017,0.0827186527389
1523504018,0.0361171721726
1523504019,-0.0127360671432
1523504020,-0.0101119355909
1523504021,0.00312682585661
1523504022,0.0198946094036
1523504023,0.0501531659176
1523504024,0.0472291553186
1523504025,0.0515455940211
1523504026,0.0354833525456
1523504027,0.0190928779167
1523504028,0.0120600483069
1523504029,0.0113750187565
1523504030,0.0148194841406
1523504031,0.016811337605
1523504032,0.0191211344827
1523504033,0.0213125613118
1523504034,0.0247639507476
1523504035,0.0301686334448
1523504036,0.0175406104649
1523504037,0.00070065724002
1523504038,-0.00505123431583
