time,max_dev
1523503951,0.028366007911
1523503952,0.0310787347422
1523503953,0.0129282774667
1523503954,0.00713268258639
1523503955,0.0255904591631
1523503956,0.0356185779626
1523503957,0.0308023889836
1523503958,0.0266459120288
1523503959,0.0268397193577
1523503960,0.0256472341513
1523503961,0.0163000914485
1523503962,0.00341579801175
1523503963,0.0239259440117
1523503964,0.0373611857332
1523503965,0.0326889944871
1523503966,0.020059729575
1523503967,0.00924469176044
1523503968,-0.00269272202143
1523503969,0.00304446582698
1523503970,0.0243248850389
1523503971,0.118098610917
1523503972,0.197782600848
1523503973,0.32098589149
1523503974,0.433761668641
1523503975,0.438364560933
1523503976,0.415255812202
1523503977,0.394657368108
1523503978,0.403071889356
1523503979,0.47677750914
1523503980,0.614378059462
1523503981,0.682882272459
1523503982,0.719811591484
1523503983,0.811044372239
1523503984,0.929201300957
1523503985,1.0583454152
1523503986,1.20969580002
1523503987,1.2598177793
1523503988,1.2580543208
1523503989,0.964429770854
1523503990,0.54509070111
1523503991,0.279911872985
1523503992,0.0767336099638
1523503993,-0.125443032306
1523503994,-0.309414178026
1523503995,-0.160868327786
1523503996,0.0291171994065
1523503997,0.0468513100766
1523503998,0.0506340174664
1523503999,0.0267418233842
1523504000,-0.00213254964971
1523504001,0.00901513776887
1523504002,0.0103150495823
1523504003,0.00795777541243
1523504004,0.00380656109911
1523504005,-0.00157531590666
1523504006,-0.00420274491476
1523504007,-0.00415235109121
1523504008,-0.00301547724361
1523504009,-0.00182731533578
1523504010,-0.00120361757121
1523504011,-0.000240406181468
1523504012,0.000301792762062
1523504013,-0.00014405634349
1523504014,0.0296274724759
1523504015,0.0972322213741
1523504016,0.113242240475
1523504017,0.0816303600342
1523504018,0.035555863797
1523504019,-0.012356775728
1523504020,-0.00928108548868
1523504021,0.00418163994232
1523504022,0.0209920580916
1523504023,0.0512195392022
1523504024,0.0482325663366
1523504025,0.0525114535039
1523504026,0.0364302292621
1523504027,0.0200436438444
1523504028,0.0130115702022
1523504029,0.0123141896484
1523504030,0.0157070754505
1523504031,0.0176856179346
1523504032,0.0199937971713
1523504033,0.0222036292674
1523504034,0.0256603569962
1523504035,0.0310083544803
1523504036,0.0181533825677
1523504037,0.0010211740941
1523504038,-0.00555431332179
