time,max_dev
1523503958,0.0232068313221
1523503959,0.0373801026054
1523503960,0.0353756590087
1523503961,0.0193244854672
1523503962,0.00339247308502
1523503963,0.0276412158209
1523503964,0.0410831200708
1523503965,0.0352510124783
1523503966,0.0211846266969
1523503967,0.00890484663208
1523503968,-0.00347459703211
1523503969,0.00226595029699
1523503970,0.0238261656459
1523503971,0.11766719518
1523503972,0.197811181467
1523503973,0.321338705379
1523503974,0.433686720585
1523503975,0.438238286305
1523503976,0.414573048363
1523503977,0.394049524271
1523503978,0.400719511845
1523503979,0.47066430536
1523503980,0.613133234167
1523503981,0.682024109209
1523503982,0.719427759219
1523503983,0.81005789682
1523503984,0.927504632723
1523503985,1.05734100859
1523503986,1.20749406614
1523503987,1.25772767471
1523503988,1.25592510155
1523503989,0.962620288779
1523503990,0.54371228958
1523503991,0.278456202684
1523503992,0.0755067531269
1523503993,-0.127375880531
1523503994,-0.312249215785
1523503995,-0.162862687452
1523503996,0.0282569837855
1523503997,0.0460716036676
1523503998,0.0500015028832
1523503999,0.0258872446055
1523504000,-0.00324497690342
1523504001,0.00852946730666
1523504002,0.00993024124749
1523504003,0.00751337949764
1523504004,0.00319533066867
1523504005,-0.00245142896488
1523504006,-0.00532563412974
1523504007,-0.0053206029675
1523504008,-0.00414610638055
1523504009,-0.00293358574414
1523504010,-0.00228914290313
1523504011,-0.00107963561277
1523504012,-6.35615009737e-05
1523504013,0.00019566630043
1523504014,0.0307639134997
1523504015,0.098451926635
1523504016,0.114325500967
1523504017,0.0825119746708
1523504018,0.035852875488
1523504019,-0.0129266072055
1523504020,-0.0102048541337
1523504021,0.00310146237793
1523504022,0.0199042854192
1523504023,0.0501741653805
1523504024,0.0472474689306
1523504025,0.0515578695933
1523504026,0.0354912916585
1523504027,0.0191060466787
1523504028,0.0120768752038
1523504029,0.0113926589778
1523504030,0.0148323281373
1523504031,0.0168188958544
1523504032,0.0191254208145
1523504033,0.0213177824417
1523504034,0.0247744706916
1523504035,0.0301219357175
1523504036,0.0187941711923
1523504037,0.00235677130987
1523504038,-0.00576000572324
