time,max_dev
1523503956,0.0240300352675
1523503957,0.0298334839225
1523503958,0.0306924027696
1523503959,0.0318441112562
1523503960,0.0278050605189
1523503961,0.0153284147202
1523503962,0.00287897343548
1523503963,0.0265059407753
1523503964,0.0397669886516
1523503965,0.034088747611
1523503966,0.0205025383607
1523503967,0.00891099145889
1523503968,-0.00318950022404
1523503969,0.00267107636002
1523503970,0.0241607215826
1523503971,0.118182252921
1523503972,0.197889598503
1523503973,0.321064979915
1523503974,0.433572194749
1523503975,0.438122463305
1523503976,0.414551939325
1523503977,0.394191589718
1523503978,0.400956799915
1523503979,0.471085429802
1523503980,0.613136740561
1523503981,0.681958223203
1523503982,0.719383969393
1523503983,0.809995852267
1523503984,0.927469115316
1523503985,1.0573476012
1523503986,1.20750581874
1523503987,1.25774005604
1523503988,1.25593943832
1523503989,0.962672729668
1523503990,0.543833770281
1523503991,0.278604108676
1523503992,0.075637734332
1523503993,-0.127299977986
1523503994,-0.312235482686
1523503995,-0.162901715578
1523503996,0.0282463029352
1523503997,0.0460663697504
1523503998,0.0499991241285
1523503999,0.0260229960824
1523504000,-0.00318482374139
1523504001,0.00864156263078
1523504002,0.0100585322752
1523504003,0.00764671945943
1523504004,0.00331626480439
1523504005,-0.00236254313356
1523504006,-0.0052962452501
1523504007,-0.00531775282163
1523504008,-0.00415699619774
1523504009,-0.00294411136216
1523504010,-0.00229565226552
1523504011,-0.00107770642642
1523504012,-5.19726999429e-05
1523504013,0.000250597254706
1523504014,0.0309120974924
1523504015,0.0986321725426
1523504016,0.114508729123
1523504017,0.0826893583453
1523504018,0.0359888856766
1523504019,-0.0128780892417
1523504020,-0.0101980426746
1523504021,0.00308536248721
1523504022,0.0198834161991
1523504023,0.0501576675015
1523504024,0.0472390996539
1523504025,0.0515555855434
1523504026,0.0354914870855
1523504027,0.0191091784716
1523504028,0.0120812129004
1523504029,0.0113960253079
1523504030,0.0148316062899
1523504031,0.016816561702
1523504032,0.0191226282974
1523504033,0.0213161370754
1523504034,0.0247747440175
1523504035,0.0301852104219
1523504036,0.0175449103163
1523504037,0.000691668907903
1523504038,-0.00510211000813
