time,max_dev
1523503964,0.0257809424096
1523503965,0.0312500410668
1523503966,0.0239347021932
1523503967,0.0149009313794
1523503968,0.00230953985059
1523503969,0.0052617574259
1523503970,0.0244458763297
1523503971,0.117352753128
1523503972,0.196874023276
1523503973,0.320577387795
1523503974,0.433466053863
1523503975,0.438012535223
1523503976,0.414373769444
1523503977,0.394113789926
1523503978,0.40090456119
1523503979,0.471020406252
1523503980,0.613144673191
1523503981,0.681956607882
1523503982,0.719419117727
1523503983,0.810078986715
1523503984,0.927598639759
1523503985,1.05744160879
1523503986,1.20762315539
1523503987,1.25778770203
1523503988,1.25598613123
1523503989,0.962658153698
1523503990,0.543790542063
1523503991,0.278479783124
1523503992,0.0755710466426
1523503993,-0.127439462494
1523503994,-0.312500427901
1523503995,-0.163163835934
1523503996,0.0282463449578
1523503997,0.046066585285
1523503998,0.0499875047739
1523503999,0.0258814194951
1523504000,-0.00317354201792
1523504001,0.00865838378849
1523504002,0.0100624599186
1523504003,0.00762437497167
1523504004,0.00326914166481
1523504005,-0.00241405863483
1523504006,-0.0056038277189
1523504007,-0.00939936751003
1523504008,-0.00431660772013
1523504009,-0.000598738101349
1523504010,0.00087127140738
1523504011,0.00164375524598
1523504012,0.00117743467491
1523504013,0.000372321460546
1523504014,0.0310889832092
1523504015,0.0990166768567
1523504016,0.114891207364
1523504017,0.0830484662469
1523504018,0.0362475539588
1523504019,-0.0127808065805
1523504020,-0.0101883906641
1523504021,0.00308170199853
1523504022,0.0198844834511
1523504023,0.0501716669993
1523504024,0.04726182593
1523504025,0.0515819482659
1523504026,0.0355246446869
1523504027,0.0191292156588
1523504028,0.0120924466266
1523504029,0.011403060797
1523504030,0.0148478081429
1523504031,0.016834601353
1523504032,0.0191411275722
1523504033,0.0213337073319
1523504034,0.0247879896781
1523504035,0.0301910976936
1523504036,0.0175559451371
1523504037,0.000697375611307
1523504038,-0.00508365422979
