time,max_dev
1523503965,0.0293321270698
1523503966,0.0279081159959
1523503967,0.0182179460958
1523503968,0.00393412217738
1523503969,0.00519536954395
1523503970,0.0247460043123
1523503971,0.121361055778
1523503972,0.1991650552
1523503973,0.318546077225
1523503974,0.431680956017
1523503975,0.436146210606
1523503976,0.411424542076
1523503977,0.39417202676
1523503978,0.401537682441
1523503979,0.472795756388
1523503980,0.613335206441
1523503981,0.681904904264
1523503982,0.719240346282
1523503983,0.809733148939
1523503984,0.927317826454
1523503985,1.0574171259
1523503986,1.20766952651
1523503987,1.25787817775
1523503988,1.25607702495
1523503989,0.962739556654
1523503990,0.543887649765
1523503991,0.278604409486
1523503992,0.0757036825308
1523503993,-0.127302130011
1523503994,-0.31233920279
1523503995,-0.16307526281
1523503996,0.0282161093778
1523503997,0.0460345775362
1523503998,0.0499480651598
1523503999,0.0258625239181
1523504000,-0.00311102548427
1523504001,0.00872826961259
1523504002,0.0101409607343
1523504003,0.00771402908328
1523504004,0.0033634535763
1523504005,-0.00233179895566
1523504006,-0.00529281008368
1523504007,-0.00532318037215
1523504008,-0.0041635694302
1523504009,-0.00294880201596
1523504010,-0.00229756673129
1523504011,-0.00109297279712
1523504012,-6.94613319386e-05
1523504013,0.000259979980212
1523504014,0.0310126227737
1523504015,0.0987567838053
1523504016,0.114649970706
1523504017,0.0828417859553
1523504018,0.0361350018799
1523504019,-0.0127913138078
1523504020,-0.0101588740494
1523504021,0.003098669522
1523504022,0.0198858134179
1523504023,0.0501009555019
1523504024,0.0472432368767
1523504025,0.0515642658034
1523504026,0.0355051019832
1523504027,0.0191222697468
1523504028,0.0120927145496
1523504029,0.011405625599
1523504030,0.0148400851607
1523504031,0.0168242720077
1523504032,0.0191313281128
1523504033,0.0213254329953
1523504034,0.0247835547867
1523504035,0.0301892140506
1523504036,0.0175447248516
1523504037,0.000690770228274
1523504038,-0.00504772752484
