time,max_dev
1523503967,0.0168121892851
1523503968,0.0110191168329
1523503969,0.00980614860742
1523503970,0.0234856255474
1523503971,0.093341721746
1523503972,0.193564553912
1523503973,0.334970720734
1523503974,0.446229995671
1523503975,0.451314993525
1523503976,0.430121931732
1523503977,0.392742947336
1523503978,0.396840271114
1523503979,0.46192998466
1523503980,0.609593437798
1523503981,0.680683701537
1523503982,0.72279033032
1523503983,0.816574642352
1523503984,0.930911097294
1523503985,1.05686954022
1523503986,1.20544688594
1523503987,1.25569448721
1523503988,1.25381870187
1523503989,0.961978337114
1523503990,0.544035440729
1523503991,0.279310079825
1523503992,0.0751014423838
1523503993,-0.128189390279
1523503994,-0.31379340591
1523503995,-0.164149463153
1523503996,0.0284084331378
1523503997,0.0463022662913
1523503998,0.0502619176339
1523503999,0.0261014506191
1523504000,-0.00331815754692
1523504001,0.00873442498764
1523504002,0.0101751275502
1523504003,0.00773089036408
1523504004,0.00331727729251
1523504005,-0.0024393217248
1523504006,-0.00539677761068
1523504007,-0.00538812445862
1523504008,-0.00417676540434
1523504009,-0.00294864961845
1523504010,-0.00228901017756
1523504011,-0.00107463554943
1523504012,-4.54155908604e-05
1523504013,0.000266134583847
1523504014,0.0309104363582
1523504015,0.0985918228676
1523504016,0.114493076106
1523504017,0.0827117325793
1523504018,0.0360788713529
1523504019,-0.0127698475247
1523504020,-0.0101241209477
1523504021,0.00313597207942
1523504022,0.01991521936
1523504023,0.0501784671631
1523504024,0.0472543614283
1523504025,0.0515695835069
1523504026,0.0355073631005
1523504027,0.0191181133577
1523504028,0.0120861466704
1523504029,0.0114002283788
1523504030,0.0148433723161
1523504031,0.0168318866227
1523504032,0.0191400279282
1523504033,0.0213314919035
1523504034,0.0247848734958
1523504035,0.0301914279888
1523504036,0.0175591855624
1523504037,0.000708102502354
1523504038,-0.00507044187507
