time,max_dev
1523503963,0.0345751725304
1523503964,0.0387609579078
1523503965,0.0295216011827
1523503966,0.016718110777
1523503967,0.00868530294929
1523503968,-0.00130020537972
1523503969,0.00515214059341
1523503970,0.0253636228029
1523503971,0.116876248442
1523503972,0.196865056976
1523503973,0.321326690701
1523503974,0.434239904971
1523503975,0.438823741232
1523503976,0.41535427661
1523503977,0.394129111745
1523503978,0.400674184596
1523503979,0.47040468961
1523503980,0.613072534346
1523503981,0.682007829042
1523503982,0.719477827903
1523503983,0.810180351017
1523503984,0.927661945377
1523503985,1.05742474293
1523503986,1.20759633377
1523503987,1.25776568421
1523503988,1.25596185121
1523503989,0.962616562497
1523503990,0.543702018742
1523503991,0.278393016547
1523503992,0.0754831513304
1523503993,-0.127458676856
1523503994,-0.312436328593
1523503995,-0.163050917901
1523503996,0.0282677625754
1523503997,0.0460847743285
1523503998,0.0500059939719
1523503999,0.0258942791903
1523504000,-0.0032248909007
1523504001,0.00856715425909
1523504002,0.00996359553509
1523504003,0.00752894643705
1523504004,0.00319100418532
1523504005,-0.00246501045302
1523504006,-0.00534011842337
1523504007,-0.00532688701348
1523504008,-0.00414142864377
1523504009,-0.00292612712614
1523504010,-0.00227962643519
1523504011,-0.0010768811594
1523504012,-5.64354473934e-05
1523504013,0.000229045450941
1523504014,0.0308402397096
1523504015,0.098521956384
1523504016,0.114415938379
1523504017,0.082627329489
1523504018,0.0359954186517
1523504019,-0.0128165085619
1523504020,-0.0101409559515
1523504021,0.00313649544106
1523504022,0.0199228980528
1523504023,0.0501872419866
1523504024,0.0472617543756
1523504025,0.0515748933793
1523504026,0.0355117323539
1523504027,0.0191232562638
1523504028,0.012091288579
1523504029,0.0114062013259
1523504030,0.0148477352599
1523504031,0.0168358833453
1523504032,0.0191429226052
1523504033,0.0213354965457
1523504034,0.0247898004627
1523504035,0.0301960425175
1523504036,0.0175584388231
1523504037,0.000700184423955
1523504038,-0.00511387861096
