time,max_dev
1523503968,0.00844286501612
1523503969,0.0106862019781
1523503970,0.0192831123719
1523503971,0.0689012398837
1523503972,0.162562950874
1523503973,0.335240809933
1523503974,0.462240906358
1523503975,0.468254866954
1523503976,0.459637434329
1523503977,0.393180597781
1523503978,0.393939942955
1523503979,0.455417613728
1523503980,0.599855725154
1523503981,0.68100501621
1523503982,0.727623655187
1523503983,0.82491352951
1523503984,0.932466092505
1523503985,1.05611657397
1523503986,1.20390870501
1523503987,1.25432297418
1523503988,1.25237364074
1523503989,0.961042081639
1523503990,0.543484519282
1523503991,0.278911732454
1523503992,0.0745865062805
1523503993,-0.128847025264
1523503994,-0.314778945556
1523503995,-0.16481728
1523503996,0.0285406520798
1523503997,0.0464811461572
1523503998,0.0504676797728
1523503999,0.0262498202684
1523504000,-0.00350109140174
1523504001,0.00867933213508
1523504002,0.0101270017516
1523504003,0.00765889891513
1523504004,0.00319193047631
1523504005,-0.00259326649471
1523504006,-0.00550796074202
1523504007,-0.00544434038575
1523504008,-0.00417648293659
1523504009,-0.00293803716928
1523504010,-0.00227561830178
1523504011,-0.00105662541534
1523504012,-1.98081018848e-05
1523504013,0.00028259888358
1523504014,0.0308038929478
1523504015,0.0984051948099
1523504016,0.114317594221
1523504017,0.082576003712
1523504018,0.0360419604429
1523504019,-0.0127301721103
1523504020,-0.0100827309948
1523504021,0.00316327947276
1523504022,0.0199268400693
1523504023,0.0501772713826
1523504024,0.0472460374119
1523504025,0.0515567340942
1523504026,0.0354903768654
1523504027,0.019095609878
1523504028,0.0120610655289
1523504029,0.0113787279699
1523504030,0.0148281428187
1523504031,0.0168233343268
1523504032,0.0191342118284
1523504033,0.0213241987486
1523504034,0.0247718962804
1523504035,0.0301782871674
1523504036,0.0175603081115
1523504037,0.000721025629506
1523504038,-0.00507740154769
