time,max_dev
1523503948,0.0261012144568
1523503949,0.0213776884052
1523503950,0.0266460849654
1523503951,0.0389944352241
1523503952,0.0343232358442
1523503953,0.015111949326
1523503954,0.00531306779999
1523503955,0.0226952941885
1523503956,0.0323789916078
1523503957,0.0284863548663
1523503958,0.0256369741969
1523503959,0.0269030681231
1523503960,0.0262040172401
1523503961,0.0164514815313
1523503962,0.0030697353097
1523503963,0.0233107905332
1523503964,0.0369590037599
1523503965,0.0325515738622
1523503966,0.0200607734856
1523503967,0.00928505886611
1523503968,-0.00268113745851
1523503969,0.0030202289871
1523503970,0.0242802343969
1523503971,0.117997580532
1523503972,0.197756364103
1523503973,0.320991682855
1523503974,0.43334181269
1523503975,0.437858778348
1523503976,0.414107892816
1523503977,0.393952141867
1523503978,0.400891697177
1523503979,0.471318623853
1523503980,0.613178856198
1523503981,0.681923312502
1523503982,0.719288008101
1523503983,0.80961933121
1523503984,0.926980786479
1523503985,1.05718549701
1523503986,1.20738657777
1523503987,1.25782228148
1523503988,1.25604347657
1523503989,0.962765632507
1523503990,0.543706607758
1523503991,0.278517748344
1523503992,0.0754885676479
1523503993,-0.127162795271
1523503994,-0.311706212524
1523503995,-0.162528665633
1523503996,0.0282463388578
1523503997,0.0460116360707
1523503998,0.0499327696985
1523503999,0.0258165253653
1523504000,-0.00323343683908
1523504001,0.00830239138959
1523504002,0.00965632144578
1523504003,0.00725288680691
1523504004,0.00301622483222
1523504005,-0.00252934111661
1523504006,-0.00530022311138
1523504007,-0.00528854927413
1523504008,-0.00413907474579
1523504009,-0.00293914338033
1523504010,-0.00230502617637
1523504011,-0.0011491864511
1523504012,-0.000202621889312
1523504013,-0.000138074804053
1523504014,0.0301861380835
1523504015,0.0978772163001
1523504016,0.113699591866
1523504017,0.0818265226793
1523504018,0.0351672387314
1523504019,-0.0133122707314
1523504020,-0.0103711185037
1523504021,0.00309281604372
1523504022,0.0199544139098
1523504023,0.0502340508476
1523504024,0.0472885467512
1523504025,0.0515762468421
1523504026,0.0355104850696
1523504027,0.019117616557
1523504028,0.012086299453
1523504029,0.0113987630921
1523504030,0.0148453750718
1523504031,0.0168268993492
1523504032,0.0191289788732
1523504033,0.0213240398061
1523504034,0.0247834926672
1523504035,0.0301833735464
1523504036,0.0175071357238
1523504037,0.000570328289261
1523504038,-0.00558158207492
