time,max_dev
1523503960,0.0272307307816
1523503961,0.0225842417551
1523503962,0.00644006998689
1523503963,0.0253756219858
1523503964,0.0398191656759
1523503965,0.0359538570293
1523503966,0.0231064755526
1523503967,0.010946554733
1523503968,-0.00200824229418
1523503969,0.00237468522129
1523503970,0.0229874196777
1523503971,0.114886999572
1523503972,0.196896972349
1523503973,0.322533562039
1523503974,0.43502447843
1523503975,0.439634518107
1523503976,0.416194379766
1523503977,0.393991094173
1523503978,0.400418168918
1523503979,0.469829015142
1523503980,0.613059854487
1523503981,0.682019301114
1523503982,0.719478413954
1523503983,0.81016266784
1523503984,0.927569009638
1523503985,1.05731912109
1523503986,1.20739517634
1523503987,1.25763501262
1523503988,1.25583082469
1523503989,0.962614338345
1523503990,0.543794404648
1523503991,0.278563400922
1523503992,0.0755269198057
1523503993,-0.127442887039
1523503994,-0.312433421709
1523503995,-0.163044319299
1523503996,0.0282273920997
1523503997,0.0460478401163
1523503998,0.049980319418
1523503999,0.0258641709133
1523504000,-0.00321440992209
1523504001,0.00860904083562
1523504002,0.0100149240495
1523504003,0.00758785467115
1523504004,0.00324364700406
1523504005,-0.00243586927654
1523504006,-0.00535326638023
1523504007,-0.00536159113577
1523504008,-0.00418774451494
1523504009,-0.00297270361719
1523504010,-0.00232285072862
1523504011,-0.00110816077459
1523504012,-8.22146170333e-05
1523504013,0.000225925862235
1523504014,0.0308977689168
1523504015,0.0986141888376
1523504016,0.114492444069
1523504017,0.0826755918435
1523504018,0.0359795981692
1523504019,-0.0128845632353
1523504020,-0.0102085156486
1523504021,0.00307288396346
1523504022,0.0198671623909
1523504023,0.0501379226352
1523504024,0.047217279015
1523504025,0.0515318270729
1523504026,0.0354687074556
1523504027,0.0190852248828
1523504028,0.0120935515324
1523504029,0.0113711088309
1523504030,0.0148096056539
1523504031,0.0167947346244
1523504032,0.0191008217598
1523504033,0.0212943481814
1523504034,0.0247523996193
1523504035,0.0301618509103
1523504036,0.0170866698508
1523504037,0.000474865519128
1523504038,-0.0052104541598
