time,max_dev
1523503961,0.0140015444849
1523503962,0.00629376086404
1523503963,0.0242927655364
1523503964,0.0388721148754
1523503965,0.0355375481325
1523503966,0.0234616067167
1523503967,0.0119412085103
1523503968,-0.000993625796462
1523503969,0.00279406923438
1523503970,0.0227755144697
1523503971,0.113569696483
1523503972,0.196281284373
1523503973,0.322920287621
1523503974,0.438824630784
1523503975,0.443578809634
1523503976,0.420794353983
1523503977,0.393273412301
1523503978,0.398930453969
1523503979,0.466465449226
1523503980,0.612865764094
1523503981,0.682216907902
1523503982,0.720098973161
1523503983,0.811424584995
1523503984,0.928619270839
1523503985,1.05736052098
1523503986,1.20713599892
1523503987,1.25727733031
1523503988,1.25545133583
1523503989,0.962431736171
1523503990,0.543704787116
1523503991,0.278411600508
1523503992,0.0752477932116
1523503993,-0.127859591104
1523503994,-0.313107204242
1523503995,-0.163553558586
1523503996,0.0283046821167
1523503997,0.0461478202086
1523503998,0.0500839192161
1523503999,0.0259408327969
1523504000,-0.0032881707142
1523504001,0.00859809461939
1523504002,0.00999726129189
1523504003,0.00753667463162
1523504004,0.00314514556201
1523504005,-0.00254925231446
1523504006,-0.00542657844707
1523504007,-0.0053876163681
1523504008,-0.00416685427825
1523504009,-0.00294301046731
1523504010,-0.00229157575833
1523504011,-0.00107843833421
1523504012,-3.64905708714e-05
1523504013,0.00031155242009
1523504014,0.0309643503899
1523504015,0.0986157932784
1523504016,0.11453092754
1523504017,0.0827768533178
1523504018,0.0361844068941
1523504019,-0.0126889396595
1523504020,-0.01008345262
1523504021,0.00313937045259
1523504022,0.0198988710781
1523504023,0.0501541138927
1523504024,0.0472298937082
1523504025,0.0515469740223
1523504026,0.0354838924017
1523504027,0.0190944940689
1523504028,0.0120623608594
1523504029,0.0113780527671
1523504030,0.0148217199475
1523504031,0.0168137001587
1523504032,0.0191235556288
1523504033,0.021315166549
1523504034,0.0247663081841
1523504035,0.0301723543809
1523504036,0.0175475923953
1523504037,0.000711214312211
1523504038,-0.00501528937289
