time,max_dev
1523503957,0.0212442956247
1523503958,0.0317515936046
1523503959,0.0363914926877
1523503960,0.0313222921902
1523503961,0.0166580349569
1523503962,0.00289654021033
1523503963,0.0272963927606
1523503964,0.0405117458415
1523503965,0.0345603796304
1523503966,0.0206396463506
1523503967,0.00872390838685
1523503968,-0.00345024216078
1523503969,0.00246838638435
1523503970,0.0240622173016
1523503971,0.118133361077
1523503972,0.197911880283
1523503973,0.321100959853
1523503974,0.433499827309
1523503975,0.438045442882
1523503976,0.414402474739
1523503977,0.394111387242
1523503978,0.400849955034
1523503979,0.470927813386
1523503980,0.613132811252
1523503981,0.681980142735
1523503982,0.719392864288
1523503983,0.809997792178
1523503984,0.927456475591
1523503985,1.05733445561
1523503986,1.20749382979
1523503987,1.25773693132
1523503988,1.25593530174
1523503989,0.962645852471
1523503990,0.543761677
1523503991,0.278520818426
1523503992,0.0755593838674
1523503993,-0.127337731899
1523503994,-0.31222416629
1523503995,-0.16286469055
1523503996,0.0282488588566
1523503997,0.0460639141547
1523503998,0.0499936205866
1523503999,0.0258841674055
1523504000,-0.00321892473636
1523504001,0.00856865476074
1523504002,0.00997432514086
1523504003,0.00756020032957
1523504004,0.00323937477677
1523504005,-0.00241738763916
1523504006,-0.00531320874237
1523504007,-0.0053190329458
1523504008,-0.00415115720463
1523504009,-0.00293889706341
1523504010,-0.00229324354224
1523504011,-0.00108183596847
1523504012,-6.4708413296e-05
1523504013,0.000204586256558
1523504014,0.0308049380216
1523504015,0.0985080538511
1523504016,0.114380534859
1523504017,0.0825612824754
1523504018,0.0358835280332
1523504019,-0.0129231046487
1523504020,-0.0102099164504
1523504021,0.00309200796292
1523504022,0.0198948678045
1523504023,0.0501674767941
1523504024,0.047243486886
1523504025,0.0515553484372
1523504026,0.0354901036212
1523504027,0.0191056419765
1523504028,0.0120770749283
1523504029,0.0113923741954
1523504030,0.0148302053647
1523504031,0.0168163746901
1523504032,0.0191224976379
1523504033,0.0213154844342
1523504034,0.0247732114398
1523504035,0.0301836103066
1523504036,0.0175423557848
1523504037,0.000680867419426
1523504038,-0.0051596294266
