time,max_dev
1523503953,0.00460789141502
1523503954,0.00885401711033
1523503955,0.0254569410362
1523503956,0.0344628464367
1523503957,0.0298625378289
1523503958,0.0263222952275
1523503959,0.0271135983554
1523503960,0.0257103930541
1523503961,0.0157023471407
1523503962,0.00313347471615
1523503963,0.0247640855539
1523503964,0.0382659809717
1523503965,0.0333348759156
1523503966,0.0204081581374
1523503967,0.00930413880971
1523503968,-0.00273046039016
1523503969,0.00297217634497
1523503970,0.0242841892653
1523503971,0.118151668916
1523503972,0.197848305496
1523503973,0.321063547517
1523503974,0.433529528521
1523503975,0.438074966463
1523503976,0.414523524354
1523503977,0.394117569198
1523503978,0.401053297796
1523503979,0.471447966132
1523503980,0.61310356071
1523503981,0.681823643758
1523503982,0.719248183336
1523503983,0.80966218806
1523503984,0.927074904656
1523503985,1.05719363846
1523503986,1.20734528641
1523503987,1.25772870868
1523503988,1.25593308827
1523503989,0.96273463304
1523503990,0.543868393744
1523503991,0.278726103105
1523503992,0.0756683633978
1523503993,-0.127151337138
1523503994,-0.311913759353
1523503995,-0.162700279899
1523503996,0.028197941054
1523503997,0.0459960985636
1523503998,0.0499188330922
1523503999,0.0258274726855
1523504000,-0.00316841993485
1523504001,0.00855389497181
1523504002,0.00995543724291
1523504003,0.00756005149536
1523504004,0.00327416253824
1523504005,-0.00236371961183
1523504006,-0.00527415050541
1523504007,-0.00530897583281
1523504008,-0.00417288909799
1523504009,-0.00296710035035
1523504010,-0.00232309383538
1523504011,-0.00112823015655
1523504012,-0.000138950921137
1523504013,6.42955431927e-05
1523504014,0.0306339701451
1523504015,0.0983825388474
1523504016,0.114221133177
1523504017,0.082350217163
1523504018,0.0356071125599
1523504019,-0.0131326104334
1523504020,-0.0103310637106
1523504021,0.00303978612128
1523504022,0.0198760563015
1523504023,0.0501607211747
1523504024,0.0472352128715
1523504025,0.0515420235071
1523504026,0.0354775759523
1523504027,0.0190954708447
1523504028,0.0120683472792
1523504029,0.0113815366195
1523504030,0.0148175926734
1523504031,0.0167982157535
1523504032,0.0191012659143
1523504033,0.0212972890628
1523504034,0.0247596250091
1523504035,0.0301677390171
1523504036,0.017508818246
1523504037,0.000618465133301
1523504038,-0.00531816588216
