time,max_dev
1523503954,0.0145696917867
1523503955,0.0253280769272
1523503956,0.0294944344689
1523503957,0.0246253154607
1523503958,0.0232745195366
1523503959,0.02670816366
1523503960,0.0266496122457
1523503961,0.0153856927025
1523503962,0.00190626751686
1523503963,0.0237634471194
1523503964,0.0380669444984
1523503965,0.0337123853026
1523503966,0.0209083385277
1523503967,0.00961001743989
1523503968,-0.00267223197103
1523503969,0.00280311112001
1523503970,0.0240702294079
1523503971,0.11788882969
1523503972,0.197720655131
1523503973,0.321055124981
1523503974,0.433504786316
1523503975,0.438044942075
1523503976,0.414344252425
1523503977,0.394044530553
1523503978,0.400762982666
1523503979,0.470759640398
1523503980,0.613104677631
1523503981,0.681928083622
1523503982,0.719341852946
1523503983,0.80983697608
1523503984,0.927239144071
1523503985,1.05723671393
1523503986,1.20738368754
1523503987,1.2576967214
1523503988,1.25590150467
1523503989,0.962628502089
1523503990,0.543698287181
1523503991,0.278437176319
1523503992,0.0755008833062
1523503993,-0.127367617683
1523503994,-0.312211691164
1523503995,-0.162920040029
1523503996,0.028233209176
1523503997,0.0460329520943
1523503998,0.0499745513862
1523503999,0.0258420371575
1523504000,-0.00324302480822
1523504001,0.00848404516299
1523504002,0.00987548445606
1523504003,0.00746018288368
1523504004,0.00315374996079
1523504005,-0.00247982593811
1523504006,-0.00534804782283
1523504007,-0.00534996224145
1523504008,-0.00418587819434
1523504009,-0.00297613123226
1523504010,-0.00233367166098
1523504011,-0.00112782750036
1523504012,-0.000117452607677
1523504013,0.000129209544059
1523504014,0.0306612105168
1523504015,0.0983524059778
1523504016,0.114204429454
1523504017,0.0823657486123
1523504018,0.0356822626244
1523504019,-0.0130573389073
1523504020,-0.0102934363613
1523504021,0.00304627032857
1523504022,0.0198645632829
1523504023,0.050141521221
1523504024,0.0472143228706
1523504025,0.0515223541387
1523504026,0.0354584466518
1523504027,0.0190716740005
1523504028,0.01204155143
1523504029,0.0113559070862
1523504030,0.0147974424806
1523504031,0.0167831875174
1523504032,0.0190898226887
1523504033,0.0212840484371
1523504034,0.0247412788906
1523504035,0.0301484749989
1523504036,0.0175016498749
1523504037,0.000627558121224
1523504038,-0.00527639899566
